id,domain,status,purchase_price,renewal_price,attractiveness,demand,length,registrar,created_at,expires_at,status_verified_at
2d8abb58-fa42-4f61-b44c-676da93baf9a,appointee.game,available,309.99,429.99,medium,low,9,namesilo,,,19/09/2026 21:58
b3821e63-3626-49f4-a2d6-fb484dd9cce2,aberdare.game,available,309.99,429.99,medium,low,8,namesilo,,,16/09/2026 15:08
0833b408-a612-48b0-aa23-bead9ae66e7a,schumann.game,available,309.99,429.99,high,low,8,namesilo,,,28/09/2026 05:27
4f61e981-7052-475f-95b1-7310324d4697,adm.game,premium,1729,1729,high,low,3,namesilo,,,03/10/2026 04:02
37b046e3-691f-48e0-b0b9-5975e10b770f,defence.game,available,300.2,300.2,high,low,7,cloudflare,,,29/09/2026 13:32
134280a7-922a-4bfe-bad4-60cbb12d198e,sportive.game,available,310.98,498,high,low,8,namecheap,,,12/08/2026 18:10
5db03ad9-07d9-43c2-8efc-eab9064b60f2,racine.game,available,309.99,429.99,high,low,6,namesilo,,,28/09/2026 02:12
0d659390-6b19-4dbc-ba2e-8efa16b0cd70,tompkins.game,available,279.65,341.75,medium,low,8,spaceship,,,28/09/2026 08:31
c787dea6-53b5-4dd8-9d82-cc610ff8bba5,swedish.game,available,309.99,429.99,high,low,7,namesilo,,,11/09/2026 05:29
2c3edfd9-3a00-4cb5-9681-657b973b8189,carleton.game,available,310.98,547.98,high,low,8,namecheap,,,25/09/2026 15:18
716a268d-c8ed-43b2-8346-06f979446c28,sor.game,available,309.99,429.99,high,low,3,namesilo,,,29/09/2026 14:39
29476f99-e0c6-454e-be35-c97a7a816f9f,pleaded.game,available,309.99,353.32,medium,low,7,dynadot,,,29/09/2026 22:56
b0434426-88b7-4972-bfa6-06306555aa06,mir.game,available,300.2,300.2,high,medium,3,cloudflare,,,02/10/2026 17:31
498f276a-b643-4a3d-bf9f-dd67c457586f,hereafter.game,available,310.98,498,high,low,9,namecheap,,,18/08/2026 19:10
bf3318e3-55d3-41c7-a600-84e80a0c3f5e,esr.game,available,300.2,300.2,high,low,3,cloudflare,,,02/10/2026 04:42
34849d45-e409-4a1b-8034-b0f53857bbc1,hyperbolic.game,available,309.99,329.99,high,low,10,namesilo,,,21/08/2026 16:44
f74828da-c014-4a9d-b7b5-ee5ad7a8d78c,wearing.game,available,309.99,429.99,medium,low,7,namesilo,,,11/09/2026 16:26
7f110936-1018-4e06-aeef-3d1fd413ee04,chattering.game,available,279.65,341.75,high,low,10,spaceship,,,30/09/2026 16:43
7ae69d49-e105-458b-af9c-20a3aa82be00,reign.game,premium,1690,1690,high,medium,5,namecheap,,,09/09/2026 01:30
d2b9a8d5-1f44-4dff-9c29-63f3d42931be,gadsden.game,available,309.99,353.32,medium,low,7,dynadot,,,30/09/2026 01:42
591dcddd-b8c8-49b7-ab1d-09e2d72a41c6,dyslexic.game,available,309.99,329.99,medium,low,8,namesilo,,,14/08/2026 22:03
50a69073-74ef-40a1-bd87-dcc71e44978b,woodsy.game,available,309.99,329.99,high,low,6,namesilo,,,06/08/2026 13:04
f9453749-30d5-4335-bde7-f51bdb182828,anticipant.game,available,309.99,329.99,medium,low,10,namesilo,,,
0aca8c63-ce21-4e25-887d-22395c7af6f1,belonging.game,available,309.99,429.99,high,low,9,namesilo,,,23/09/2026 06:53
e5325c24-359d-4601-8be7-f51c12fd472e,banshie.game,available,309.99,429.99,medium,low,7,namesilo,,,22/09/2026 03:10
a1ecd864-febe-494d-839c-db947bdfdcb3,impervious.game,available,309.99,329.99,medium,low,10,namesilo,,,21/08/2026 22:19
a9e36a95-70dd-41c1-ac7e-1839e7836795,phelps.game,available,310.98,547.98,high,low,6,namecheap,,,25/09/2026 18:39
c9eb329a-5c72-4397-82f2-998346925358,clouded.game,available,309.99,329.99,medium,low,7,namesilo,,,12/08/2026 12:27
756ff8cb-67e2-4f63-9499-b81327fa1985,few.game,available,309.99,429.99,high,low,3,namesilo,,,24/09/2026 17:38
bd780b82-abb0-4e9d-bf68-1b658c4e6df4,rung.game,available,279.65,341.75,medium,low,4,spaceship,,,01/10/2026 21:34
f0f9301a-9b31-4cba-b395-3f1f02e2274b,moskva.game,available,279.65,341.75,medium,low,6,spaceship,,,02/10/2026 19:22
60b75759-5707-4fa9-b205-a403243d88d5,arng.game,available,309.99,429.99,medium,low,4,namesilo,,,20/09/2026 08:02
aed788c5-96b7-4d86-a548-95ed09cc1335,waterville.game,available,309.47,340.37,medium,low,10,porkbun,,,01/10/2026 12:40
a98b9b3a-f436-432d-a141-2a2628595785,aecium.game,available,309.99,429.99,medium,low,6,namesilo,,,17/09/2026 12:08
6ca62b6e-da36-4e15-9f22-0afc7e77fae5,firework.game,available,309.99,429.99,high,low,8,namesilo,,,09/09/2026 07:10
5ef45e3d-b0f4-4089-bfe4-dcd740acbb53,lighted.game,available,310.98,498,high,low,7,namecheap,,,21/08/2026 20:09
bd7ea87c-9a03-4009-ba1b-1307440acb6d,stickers.game,premium,,,high,low,8,,,,30/09/2026 07:47
6ac578e6-68b1-4189-920e-87c6994b2221,delineated.game,available,309.99,329.99,medium,low,10,namesilo,,,14/08/2026 00:37
8f9cba0d-53e9-45cb-9c17-4815c1cbef17,rigorous.game,available,309.99,429.99,high,low,8,namesilo,,,27/09/2026 15:20
a199266c-46a6-4e42-bd79-8419a5c6e224,picks.game,available,309.99,429.99,medium,low,5,namesilo,,,20/09/2026 07:23
b0707688-d98c-436a-a02d-d63becec0b84,fishing.game,premium,1729,1729,high,low,7,namesilo,,,27/09/2026 03:59
d5be530c-12cc-440d-9c72-75c7132c949b,lockout.game,available,309.47,340.37,medium,low,7,porkbun,,,03/10/2026 01:31
30f99a74-ec11-4c4f-97e0-c20cfaa181d6,barricade.game,available,309.99,429.99,medium,low,9,namesilo,,,22/09/2026 08:32
936ec2be-23ee-4014-9e83-0f0a9681e6e6,blending.game,available,310.98,547.98,high,low,8,namecheap,,,24/09/2026 05:51
7ce37498-0ed6-447c-a8ce-212b721232d0,wallach.game,available,300.2,300.2,medium,low,7,cloudflare,,,02/10/2026 13:13
457d7640-befc-4105-946f-3f323080b626,higgs.game,available,279.65,341.75,high,low,5,spaceship,,,29/09/2026 14:20
4e6fe003-56a0-4e01-907d-dbc9adb8ed03,buttercup.game,available,309.99,429.99,high,low,9,namesilo,,,24/09/2026 11:18
1222a0f2-fb04-402c-a285-03125c9a382d,obliged.game,available,279.65,341.75,medium,low,7,spaceship,,,28/09/2026 11:17
1388f2aa-8d27-4439-a8b8-530e52ca9540,charlton.game,available,300.2,300.2,medium,low,8,cloudflare,,,27/09/2026 19:17
331b795f-b8a5-4ddf-859a-ef26fd02bf9c,adenovirus.game,available,310.98,547.98,medium,low,10,namecheap,,,17/09/2026 07:41
ad1b3076-2168-446e-bbde-40823519d262,rapid.game,available,309.99,429.99,high,low,5,namesilo,,,19/09/2026 15:13
a5f9ae38-84b4-4e98-a61b-dac33bea435c,guarneri.game,available,310.98,547.98,medium,low,8,namecheap,,,19/09/2026 04:22
4970058d-6222-472f-a1ea-ac10fde49df4,walsh.game,available,309.99,353.32,medium,low,5,dynadot,,,28/09/2026 08:52
1cd186cb-1430-4706-a266-901c4162e9e2,dyadic.game,available,309.99,329.99,medium,low,6,namesilo,,,14/08/2026 21:52
8a6d624e-dc48-4fed-86af-8ae2ae0ac659,armand.game,available,279.65,341.75,medium,low,6,spaceship,,,28/09/2026 07:26
5178a025-8111-4350-8cd7-d1613bbf0841,walkaway.game,available,309.99,429.99,medium,low,8,namesilo,,,09/09/2026 19:32
980079d5-a443-4e7a-b578-b4b78886b5c3,dedicate.game,available,279.65,341.75,high,low,8,spaceship,,,30/09/2026 18:29
e2a6c443-9326-4f6e-b445-b1677d1f5781,ali.game,available,309.99,429.99,high,high,3,namesilo,,,18/09/2026 07:21
39dd48df-a686-4da2-8743-d481a53187d2,algid.game,available,309.99,329.99,medium,low,5,namesilo,,,
ac2c09d1-a863-4aa3-a1c0-74566a92db44,vauxhall.game,available,309.99,429.99,high,medium,8,namesilo,,,30/09/2026 12:10
eee59a6f-086d-458c-8ccc-614de50faff1,mathias.game,available,309.99,429.99,high,low,7,namesilo,,,28/09/2026 05:17
b85255a1-57ff-4baa-b425-f3e15e5e8ff4,jaggy.game,available,309.99,329.99,medium,low,5,namesilo,,,17/08/2026 12:34
60ecde6f-c585-419d-ad53-edeb2666e6d0,reliably.game,available,309.99,429.99,high,low,8,namesilo,,,14/09/2026 11:46
1679e85a-d167-4b1e-8a1b-4400af7f6931,maintenance.game,available,309.99,353.32,high,low,11,dynadot,,,27/09/2026 21:41
7f60a953-5dd6-4797-b631-6e3be5387002,actaea.game,available,309.99,429.99,medium,low,6,namesilo,,,17/09/2026 04:11
d309797a-ab89-4bed-bd03-6d5ce425d7ed,grouchy.game,available,309.99,329.99,medium,low,7,namesilo,,,08/08/2026 07:52
56d60abf-e1d9-48b3-a8c4-9dee2bed0225,punic.game,available,310.98,498,medium,low,5,namecheap,,,11/08/2026 19:51
12ab440b-ea76-463e-ac15-21740da14c8b,whelan.game,available,300.2,300.2,medium,low,6,cloudflare,,,29/09/2026 16:28
f9a2b2a3-0ab7-49cd-acf5-28bc78c60cd7,csm.game,available,309.47,340.37,high,low,3,porkbun,,,30/09/2026 20:24
94e6d798-6edb-45b7-8e84-2ccdeabe35ce,anomala.game,available,309.99,429.99,medium,low,7,namesilo,,,19/09/2026 11:24
df2a8dfd-41b2-4353-b8a8-21ec4127a3d9,attraction.game,available,309.99,429.99,high,low,10,namesilo,,,28/09/2026 23:11
105bfd7a-4f41-4240-9a4f-171c8d0ce9e0,saginaw.game,available,309.99,429.99,medium,low,7,namesilo,,,28/09/2026 03:02
24778a31-f604-45b7-9c1d-11f1f0c2777d,austrian.game,available,309.99,429.99,high,low,8,namesilo,,,22/09/2026 13:38
a177420a-3d60-4e96-9bbb-a0c086e62733,ontop.game,available,309.99,429.99,medium,low,6,namesilo,,,16/09/2026 09:10
3eece01c-3e9c-44cb-8d9f-196cfd356776,nathalie.game,available,309.99,429.99,medium,low,8,namesilo,,,02/10/2026 00:05
6b89352e-3627-4f5b-bbaf-fd9d7df4f65a,complementary.game,available,310.98,547.98,medium,low,13,namecheap,,,01/10/2026 05:07
7e84edee-e0cd-4935-9a00-54f578081c77,notched.game,available,309.99,329.99,medium,low,7,namesilo,,,17/08/2026 12:35
05cd3108-2ede-456b-863b-527a6b973509,bassist.game,available,309.99,429.99,medium,low,7,namesilo,,,22/09/2026 12:26
3f7654f3-826a-4bdf-a8ed-ac293b5b702a,unveiling.game,available,309.99,429.99,high,low,9,namesilo,,,30/09/2026 16:57
5f3fedef-29ea-4c45-b64b-64e79cb2b0e2,tourist.game,available,309.99,429.99,high,low,7,namesilo,,,29/09/2026 22:57
8d9e72c4-6c49-49c7-be1e-d6a2f742d6d1,burch.game,available,300.2,300.2,medium,low,5,cloudflare,,,29/09/2026 15:48
1c702358-d1ec-4dc8-bcc1-fd32b2c37512,pickford.game,available,309.99,429.99,medium,low,8,namesilo,,,01/10/2026 02:18
3a65a5c2-a6e2-496d-85a2-d0349c82e9e5,calculous.game,available,309.99,329.99,medium,low,9,namesilo,,,11/08/2026 14:05
f777ae22-ac31-4a18-a557-f2e59b513c27,fujian.game,available,279.65,341.75,medium,low,6,spaceship,,,29/09/2026 09:46
cc0e7d4c-6d92-43e5-8ebd-25dd013a3f89,decency.game,available,309.99,429.99,high,low,7,namesilo,,,29/09/2026 06:36
25114624-185e-4fa0-bcf1-1d94a073385e,cdrom.game,available,279.65,341.75,medium,low,6,spaceship,,,30/09/2026 16:37
b6abf254-6e2b-4951-93a9-3e6d13ca5605,jul.game,available,309.99,429.99,medium,low,3,namesilo,,,28/09/2026 21:44
a9bcfe31-3d7f-449d-ad7b-cad17b6d54d4,unholy.game,available,309.99,329.99,medium,low,6,namesilo,,,14/08/2026 01:33
e4783df2-36c2-493d-9e85-3cb4371d9e01,dft.game,available,279.65,341.75,medium,low,3,spaceship,,,02/10/2026 10:24
cf272fb9-b82e-4ae4-9b1e-665f16bb8e7e,aroused.game,available,309.99,329.99,high,low,7,namesilo,,,
bd2671a4-c2bf-4179-8150-11a1db713e4d,signatures.game,available,309.99,429.99,medium,low,10,namesilo,,,28/09/2026 23:59
e83289bf-dd87-4094-b600-7048ca6d78f0,rayless.game,available,309.99,429.99,medium,low,7,namesilo,,,09/09/2026 10:46
03c0cae5-a181-4351-abbb-2dacdb2bd3e4,narrated.game,available,309.99,429.99,medium,low,8,namesilo,,,02/10/2026 13:47
2962274a-3fd1-48e2-bf17-4869ad501285,arch.game,available,310.98,547.98,high,medium,4,namecheap,,,22/09/2026 07:38
a3529873-d0c3-4f51-8c1f-a8f38a4b3d26,sava.game,available,309.99,429.99,high,low,4,namesilo,,,30/09/2026 05:14
5e97b645-a6ed-4d8c-a523-d4fd23bc659e,sabrina.game,available,309.99,429.99,medium,low,7,namesilo,,,29/09/2026 04:05
f37a0b23-6b2d-42f8-a21f-a3fbe34b0ff8,swiftly.game,available,279.65,341.75,high,low,7,spaceship,,,28/09/2026 14:53
0ce83762-f2e5-4b57-bc41-2169293c8fd7,wriggly.game,available,309.99,429.99,medium,low,7,namesilo,,,13/09/2026 13:43
67810134-e312-45b6-bd7c-38e76a62f342,ibidem.game,available,309.99,429.99,medium,low,6,namesilo,,,15/09/2026 01:34
06823a1a-deb6-4ef9-968c-bf4dff5adb1d,foldaway.game,available,309.99,329.99,medium,low,8,namesilo,,,18/08/2026 10:07
b66f8020-f677-4283-b37d-a3b5fa689a58,nationals.game,premium,1430,1430,high,medium,9,dynadot,,,29/09/2026 17:35
0d1afb8b-7701-4e98-b7fe-a8024cd2a29a,victual.game,available,310.98,498,medium,low,7,namecheap,,,12/08/2026 18:51
02159259-d145-45d5-8b43-82e9a0d58765,ambulation.game,available,309.99,429.99,medium,low,10,namesilo,,,18/09/2026 17:29
36f4f559-b37e-4422-85a6-398c5a8e931d,steed.game,available,279.65,341.75,high,low,5,spaceship,,,01/10/2026 21:53
7a140eb2-bcdf-47b2-9d50-896b7129b259,barleycorn.game,available,310.98,547.98,medium,low,10,namecheap,,,22/09/2026 06:31
ffa126d3-51d2-441d-9270-0566c70f9b47,elbow.game,available,309.99,429.99,high,low,5,namesilo,,,20/09/2026 11:23
498f58a3-abf2-4199-9dbe-58de739cf131,realistic.game,available,309.99,429.99,high,low,9,namesilo,,,03/09/2026 13:57
e18692fe-610e-4b62-a6a7-8313fbce7060,radial.game,available,309.99,429.99,high,low,6,namesilo,,,09/09/2026 09:30
af1894e6-9818-46b5-a4d7-7674f41aaa44,possum.game,available,279.65,341.75,high,low,6,spaceship,,,03/10/2026 01:43
457e57ac-2955-4db5-b411-db5150f5303b,whitney.game,available,310.98,547.98,medium,low,7,namecheap,,,28/09/2026 13:59
ef20c96b-ce7b-45f4-b115-dcf7766b4b65,nature.game,premium,1690,1690,high,low,6,namecheap,,,08/09/2026 02:43
9c9192b2-1478-487c-8fa6-4adc17860b71,dipper.game,available,309.99,429.99,high,low,6,namesilo,,,23/09/2026 14:29
a90d9066-b6bc-44f0-915c-8c296f157baa,gee.game,available,279.65,341.75,high,low,3,spaceship,,,29/09/2026 20:19
7b2a83ee-e435-4358-bdc0-c8da71622b9e,graves.game,available,279.65,341.75,high,low,6,spaceship,,,28/09/2026 05:52
07753410-af11-4c7b-9d36-043f352fd7fd,bellamy.game,available,279.65,341.75,medium,low,7,spaceship,,,28/09/2026 12:15
399fa201-2f5f-4f11-851e-20972f393da9,bruton.game,premium,1345.7,1345.7,medium,low,6,spaceship,,,02/10/2026 10:28
d42c02d1-1e93-48d9-ad80-4880b34f074d,androgenic.game,available,309.99,329.99,medium,low,10,namesilo,,,
f1f52538-2ca3-4b1a-a465-5ddd487326c5,hemic.game,available,309.99,329.99,low,low,5,namesilo,,,20/08/2026 21:49
6c727a5c-fd14-4548-aebc-59d18ccac3aa,ephemeral.game,available,309.99,329.99,high,low,9,namesilo,,,17/08/2026 10:17
1a08a900-310c-4203-89b1-aad4bdbb863d,thurston.game,available,310.98,547.98,medium,low,8,namecheap,,,28/09/2026 04:06
8088c2d9-037a-467e-a96b-6ad187c87bcb,therapy.game,premium,1729,1729,high,low,7,namesilo,,,01/10/2026 08:50
9ff6981d-bddc-4ce5-93de-1502099b5227,shanny.game,available,310.98,547.98,medium,low,6,namecheap,,,24/09/2026 05:59
dd2c50e2-a051-4c40-9470-c100b098f110,reluctance.game,available,309.99,429.99,medium,low,10,namesilo,,,30/09/2026 10:58
f6d8a7f8-6d4c-4998-9d10-120656c40306,brad.game,available,309.99,429.99,high,low,4,namesilo,,,24/09/2026 07:52
d0aedd21-a09a-495b-8e00-9494e346d975,lxxxii.game,available,309.99,329.99,medium,low,6,namesilo,,,
a4c13f49-aefd-4bdb-af29-f5414a0a4261,spook.game,available,300.2,300.2,high,low,5,cloudflare,,,03/10/2026 00:19
75cae0ec-87b9-403a-96da-48c9cfae18b5,godard.game,available,279.65,341.75,medium,low,6,spaceship,,,01/10/2026 19:49
4216d4d0-2e7d-4ad2-bca5-f5cc7c1a71f4,bucharest.game,available,279.65,341.75,high,low,9,spaceship,,,02/10/2026 04:11
c038bbe3-179e-4cd9-a629-829051ffa408,doorstep.game,available,279.65,341.75,high,low,8,spaceship,,,30/09/2026 09:23
904c0d92-4006-4f66-b5d8-e967f6709ec5,ludicrous.game,available,309.99,329.99,medium,low,9,namesilo,,,14/08/2026 02:58
b4c725f7-bf6e-4270-86e1-865235032511,horsefish.game,available,310.98,547.98,medium,low,9,namecheap,,,20/09/2026 21:39
db1ef307-d9b6-4c98-9d4e-a550c502fcf5,benadryl.game,available,310.98,547.98,high,medium,8,namecheap,,,23/09/2026 07:35
5605648d-7826-4c11-8880-46745971494c,frick.game,available,279.65,341.75,medium,low,5,spaceship,,,29/09/2026 01:01
2a90904d-343a-43ec-b948-afbd78ef1acd,maryland.game,available,279.65,341.75,medium,low,8,spaceship,,,28/09/2026 19:17
4928264f-a77e-4af7-afc8-02046dba364d,cities.game,available,309.99,429.99,medium,low,6,namesilo,,,27/09/2026 09:25
5825d6b9-f4eb-4d8d-b384-4706973d087f,congenital.game,available,310.98,498,high,low,10,namecheap,,,12/08/2026 21:40
623c5e60-ff52-4e79-a7f4-4e971d4cb5e7,latino.game,available,309.99,329.99,high,low,6,namesilo,,,21/08/2026 09:46
81410f86-000f-4eb6-82da-74aad322b511,empowered.game,available,310.98,498,high,low,9,namecheap,,,16/08/2026 18:26
fcec7833-9f1f-4609-9f8b-e69de38d4f63,habits.game,available,300.2,300.2,medium,low,6,cloudflare,,,28/09/2026 04:46
c28c5a8e-ff2f-4bc8-be18-772c41c566b6,valparaiso.game,available,279.65,341.75,medium,low,10,spaceship,,,29/09/2026 02:28
a54ebfc7-6849-43cb-8f6f-1714b7e19b2f,benzoin.game,available,309.99,429.99,medium,low,7,namesilo,,,20/09/2026 12:33
50504b71-583e-4b1e-af42-ab3a532d095a,dung.game,available,300.2,300.2,medium,low,4,cloudflare,,,30/09/2026 09:30
09967c3e-04ff-40ee-89b1-bdd97fc13c08,mohammad.game,available,300.2,300.2,high,low,8,cloudflare,,,28/09/2026 06:19
60b43196-f43a-4750-b33e-1b57e9afca03,axes.game,available,309.99,329.99,low,low,4,namesilo,,,
216f45b7-c44a-4bc3-a567-6b4e9cc4e280,dry.game,premium,1729,1729,high,low,3,namesilo,,,24/09/2026 12:15
06335589-95eb-4852-908c-c54e6a3f1efd,previous.game,available,310.98,547.98,high,low,8,namecheap,,,01/10/2026 02:56
44ba9664-76f1-48ed-ad0c-b4be54b7af9b,inexplicit.game,available,309.99,329.99,medium,low,10,namesilo,,,21/08/2026 22:39
0cf92cc2-c577-455c-a211-98c9e5ed0178,phoebus.game,available,309.99,429.99,high,low,7,namesilo,,,19/09/2026 18:43
9943fb0f-6401-41ba-ab82-1d0aaa7b64bc,peel.game,available,279.65,341.75,high,low,4,spaceship,,,30/09/2026 06:31
2b4d73d6-abdc-4745-b418-1a7edc819bd5,hands.game,available,309.99,429.99,high,low,5,namesilo,,,08/09/2026 04:01
638ee46d-0fd5-4409-950d-ff5c6c3cc78b,sanitized.game,available,310.98,547.98,high,medium,9,namecheap,,,09/09/2026 21:17
72daa926-1e6d-4551-9b28-98a7c9dfc2c7,clipboards.game,available,309.99,429.99,medium,low,10,namesilo,,,20/09/2026 11:59
50b2c9df-0cb2-4ef5-bf87-6ae5d847d0d6,sabbatic.game,available,309.99,429.99,medium,low,8,namesilo,,,09/09/2026 20:32
11e67d7d-f258-43ba-979e-8d86281d6678,punkie.game,available,309.99,429.99,medium,low,6,namesilo,,,23/09/2026 22:31
564a8800-43d0-4cc6-8628-c9200a2cf175,cursorial.game,available,309.99,329.99,medium,low,9,namesilo,,,13/08/2026 11:40
9d3f260c-4217-434e-9832-39b42bf5423b,reviewer.game,available,309.99,429.99,high,low,8,namesilo,,,30/09/2026 10:58
f70524f7-81ff-4047-8144-6026692c256e,protecting.game,available,310.98,547.98,high,low,10,namecheap,,,27/09/2026 02:52
59d77178-2267-422e-a005-c67d9e823498,academically.game,available,309.99,429.99,medium,low,12,namesilo,,,03/10/2026 02:36
02827934-a6b0-4fcd-8765-9dea245ab99f,lapp.game,available,310.98,547.98,medium,low,4,namecheap,,,19/09/2026 15:44
9bb285fb-2406-4e1e-aaaf-2782f8f8e76a,festivity.game,available,300.2,300.2,high,low,9,cloudflare,,,02/10/2026 02:33
d24a92a9-149a-496e-a1ed-77dab97a265e,apiece.game,available,309.99,329.99,medium,low,6,namesilo,,,14/08/2026 22:12
ce2813a1-e5d6-411c-a8cd-f0fc5d448e64,dovish.game,available,309.99,329.99,medium,low,6,namesilo,,,14/08/2026 17:07
68f3622d-4d33-40fc-9d20-b87c5caa6697,occupy.game,available,309.99,429.99,high,low,6,namesilo,,,23/09/2026 12:12
85daceb2-49e5-4115-84d2-8c4558b0be3b,coils.game,available,309.99,429.99,medium,low,5,namesilo,,,02/10/2026 03:31
cb9d4689-69f8-4d7e-b36c-22d6b96d096b,triangle.game,available,310.98,547.98,high,low,8,namecheap,,,28/09/2026 09:33
739d6a9a-64ed-4074-850f-5b3cec926819,reinforcement.game,available,309.99,429.99,high,low,13,namesilo,,,29/09/2026 22:51
aa482866-da8b-4ced-99bc-464a558bd3ef,stride.game,premium,1419.68,1419.68,high,low,6,porkbun,,,29/09/2026 08:09
851f9fd3-1957-418a-8892-4a0664f6fe76,nuclei.game,available,309.99,329.99,medium,low,6,namesilo,,,
e7ad642e-bba7-48e8-bb11-fc4818f26d4b,channels.game,available,279.65,341.75,high,low,8,spaceship,,,29/09/2026 08:04
b4b46b0b-89e4-4c68-981e-12e3717cf49b,dac.game,available,279.65,341.75,high,low,3,spaceship,,,30/09/2026 12:44
15f2475c-9b71-4a84-88c1-2e80d532c7c0,curtain.game,available,309.47,340.37,high,low,7,porkbun,,,29/09/2026 13:08
92d70815-8e4b-4fd8-bd97-277262960e73,germfree.game,available,309.99,329.99,medium,low,8,namesilo,,,18/08/2026 22:48
35d26a43-4cfa-4556-b937-88f6951b1b43,impressions.game,available,309.99,353.32,medium,low,11,dynadot,,,28/09/2026 23:21
c82d1baf-bb91-457a-8e1e-32383e93c9f7,hushed.game,available,309.99,329.99,medium,low,6,namesilo,,,21/08/2026 15:54
33d62d8b-7f85-49ff-8e47-c516300e7d5e,recovering.game,available,309.99,429.99,high,low,10,namesilo,,,23/09/2026 22:44
7127eae4-ddbb-4d5a-a7da-77db46680910,purchases.game,available,309.99,429.99,medium,low,9,namesilo,,,30/09/2026 07:19
7b35e12c-f9fd-40a2-9eb2-8697fd998ac0,ernie.game,available,309.99,429.99,high,low,5,namesilo,,,27/09/2026 07:15
3b8ae92a-d931-477e-b60d-a90013f9cfdf,extramural.game,available,310.98,498,medium,low,10,namecheap,,,17/08/2026 19:18
d63e4e7b-7e4e-4a9d-8cad-5dd94682ac2d,unqualified.game,available,279.65,341.75,medium,low,11,spaceship,,,03/10/2026 03:14
3dacd597-8807-4691-ae3f-bb2a82e1aa75,asura.game,available,310.98,547.98,high,low,5,namecheap,,,20/09/2026 18:26
92afd902-83db-415d-aff9-086acc151bdd,sondheim.game,available,310.98,547.98,high,low,8,namecheap,,,03/10/2026 02:09
00604cca-ea34-4559-83cd-0400b27e62d2,reims.game,available,309.99,429.99,medium,low,5,namesilo,,,29/09/2026 13:45
cd24c674-811a-4f98-a45f-be15edbe9b04,needles.game,available,279.65,341.75,high,low,7,spaceship,,,29/09/2026 08:51
cf64d5ed-d5a3-4d34-afef-b1a736a74a04,invading.game,available,309.99,329.99,medium,low,8,namesilo,,,22/08/2026 02:12
e4144ac4-4a9b-487f-89f0-4f54cfcb01aa,withdrawal.game,available,309.99,429.99,high,low,10,namesilo,,,21/09/2026 15:22
36421a14-a283-453f-9d8a-4e0f1bc8d089,plop.game,available,309.99,429.99,medium,low,4,namesilo,,,15/09/2026 20:39
2474c60d-c1f1-446a-8bd5-fafe342e8aa1,planetary.game,available,309.99,329.99,high,medium,9,namesilo,,,20/08/2026 14:33
9e4b3249-e5f9-4def-b271-916b35332f2a,puke.game,available,309.99,329.99,medium,low,4,namesilo,,,11/08/2026 09:18
2ae56d83-9d4f-49a0-b937-197dc3b0f8f5,ultraviolet.game,available,309.99,429.99,high,low,11,namesilo,,,30/09/2026 03:39
79c196a0-3781-4184-b02f-5598e1c4085b,bangladeshi.game,available,309.99,429.99,high,low,11,namesilo,,,30/09/2026 03:22
78a53090-9206-480e-99c6-26e0b5b32f9d,supple.game,available,309.99,329.99,high,low,6,namesilo,,,23/08/2026 11:09
29bdc461-1a55-4a8d-a43c-17da17a146dd,respiratory.game,available,309.99,329.99,high,low,11,namesilo,,,
206916c1-c70d-4d50-ade2-c9e3e771653c,neem.game,available,309.99,429.99,high,low,4,namesilo,,,20/09/2026 05:40
87ad4664-412e-47ec-9170-55dd7d549f15,investigate.game,available,309.99,429.99,high,low,11,namesilo,,,26/09/2026 00:41
45011456-2689-4e00-bef7-083b97c4e703,sheltered.game,available,309.99,429.99,high,medium,9,namesilo,,,10/09/2026 06:27
dcdd5a03-2214-40f6-bd68-e79e06f40de2,manic.game,available,309.99,329.99,high,low,5,namesilo,,,18/08/2026 15:04
eafa126f-1616-4aa4-acc0-493c0ff97844,skittish.game,available,309.99,429.99,medium,low,8,namesilo,,,10/09/2026 09:48
a4bc265b-9d33-407e-a283-0828531b76ea,sorted.game,available,310.98,498,high,low,6,namecheap,,,20/08/2026 20:24
a2ce57b9-5637-4441-84b8-c132cb0e6498,backstay.game,available,310.98,547.98,medium,low,8,namecheap,,,21/09/2026 16:03
5671e77c-3d2c-4dcd-8c76-d9f7646109b3,multimedia.game,available,309.99,429.99,high,low,10,namesilo,,,30/09/2026 02:20
25f9a5fa-ec28-4e83-9816-f8343f02b043,hesperides.game,available,309.99,429.99,medium,low,10,namesilo,,,20/09/2026 21:44
3a406027-2570-4831-a35b-632f8d4ae8f2,warner.game,premium,1729,1729,high,low,6,namesilo,,,28/09/2026 05:27
732ce9f4-58b1-479d-8d63-f3f2e2bfb6c2,inspection.game,available,309.99,429.99,high,low,10,namesilo,,,02/10/2026 23:37
0adca09f-145a-41aa-ae09-782fc35d7c93,formless.game,available,310.98,498,medium,low,8,namecheap,,,
7a484a57-9631-44c4-a364-2fca7ef86c3e,swindle.game,available,309.99,429.99,medium,low,7,namesilo,,,14/09/2026 07:52
8dc16aa2-989b-48c8-95b7-7121f06bd815,waits.game,available,310.98,547.98,medium,low,5,namecheap,,,28/09/2026 11:43
052f5762-58d5-4b97-8ccd-3373abfe2b77,bargee.game,available,310.98,547.98,medium,low,6,namecheap,,,22/09/2026 05:47
ec5d84c5-0cca-4888-8c25-475a6afbcecc,kay.game,available,309.99,429.99,high,low,3,namesilo,,,26/09/2026 00:52
4c6619e7-f62a-4278-a0cd-19c51c23673c,exhibiting.game,available,279.65,341.75,medium,low,10,spaceship,,,02/10/2026 02:10
ff6dfb55-8c2b-4f1e-b39b-2e938f3e0a59,elise.game,available,300.2,300.2,medium,low,5,cloudflare,,,28/09/2026 21:52
aceceb82-513f-4328-879f-4f870e7c4f9d,gimme.game,available,310.98,547.98,high,low,5,namecheap,,,29/09/2026 14:22
546016d5-d292-458b-b15c-98c7d9345b02,dandyish.game,available,349.99,616.99,medium,low,8,name.com,,,13/08/2026 17:03
92ece238-7ad1-4319-b5dc-1dfbaba076d4,assouan.game,available,309.99,429.99,medium,low,7,namesilo,,,20/09/2026 16:37
88636340-80fa-4749-a7fa-1a1ab38dc394,left.game,available,309.99,429.99,high,low,4,namesilo,,,25/09/2026 13:25
9ad144bb-af1b-4d08-9470-f42c670ddf7c,hank.game,available,279.65,341.75,high,low,4,spaceship,,,29/09/2026 19:07
d05be99f-6781-4347-94f5-ce1bf0b8f68d,supreme.game,premium,1345.7,1345.7,high,medium,7,spaceship,,,28/09/2026 02:04
afd194ee-f2ae-4cb6-bda2-7bf2b47db23d,westport.game,available,309.99,429.99,medium,low,8,namesilo,,,28/09/2026 08:11
481c8597-ef48-43e6-976d-ee3ea3ee1664,graphene.game,available,279.65,341.75,high,low,8,spaceship,,,30/09/2026 19:52
e6ebc31f-7d5b-4e27-a853-8202a05e9904,incoherent.game,available,309.99,329.99,medium,low,10,namesilo,,,22/08/2026 01:42
94af3c9b-4f40-41d0-b2bb-d4532544bc10,herein.game,available,309.99,429.99,medium,low,6,namesilo,,,15/09/2026 00:30
21c8d85f-95be-417e-96b8-56982d91a9d9,miniature.game,available,309.99,329.99,high,low,9,namesilo,,,24/08/2026 23:48
cdc4c11c-a663-4f98-97fc-1e5c12579271,lucrative.game,available,309.99,429.99,high,low,9,namesilo,,,25/09/2026 15:34
ef536868-d4ee-4367-b307-e5417d04dc8b,lafayette.game,available,279.65,341.75,high,low,9,spaceship,,,30/09/2026 01:47
5ca8c574-ef26-49d2-82ec-3476288b3982,palladium.game,premium,1690,1690,high,low,9,namecheap,,,20/09/2026 23:10
3ee33bc4-acfb-45ac-8c92-cc9f64b001dd,dipylon.game,available,309.99,329.99,medium,low,7,namesilo,,,14/08/2026 08:43
4533d6d3-a703-49a4-b192-5f818291ab9f,quickset.game,available,310.98,547.98,medium,low,8,namecheap,,,09/09/2026 08:43
b2b53f66-20b4-4586-a792-e5ad7b369340,azores.game,available,309.99,429.99,medium,low,6,namesilo,,,17/09/2026 02:13
06da56cd-2df3-4135-8349-94c9914feeae,oviedo.game,available,310.98,547.98,medium,low,6,namecheap,,,30/09/2026 10:41
c57fd2e3-50c7-4546-8846-3032221f38e9,spacetravel.game,available,309.99,329.99,high,low,12,namesilo,,,
3def41b6-a744-46ce-82d0-7161ac047fc7,callous.game,available,309.99,329.99,medium,low,7,namesilo,,,11/08/2026 14:30
be5cae96-a65f-4906-8ffb-8d99036f6068,hangbird.game,available,309.99,429.99,medium,low,8,namesilo,,,22/09/2026 00:20
87373915-2c45-4fe9-9f06-0d8e2d603249,ambient.game,available,309.99,329.99,high,low,7,namesilo,,,
73be63a9-e514-4ac6-937b-63819a95cb0e,adolphus.game,available,309.99,429.99,medium,low,8,namesilo,,,29/09/2026 15:26
3dacef91-6ed2-46a0-9844-b33aa59f1fd3,trembling.game,available,309.99,429.99,high,medium,9,namesilo,,,10/09/2026 06:41
c015024d-d0d8-4211-a80d-45a8c34a92b1,burnish.game,available,309.99,429.99,high,low,7,namesilo,,,08/09/2026 23:02
e8bb7fb3-0095-495e-b743-2596c274b69e,misconception.game,available,309.99,429.99,medium,low,13,namesilo,,,02/10/2026 11:17
b9877ab0-99fd-427b-9d77-fd96da601dda,clxx.game,available,309.99,329.99,medium,low,4,namesilo,,,
48ec865a-fab4-43f9-871c-e23516496700,dramatically.game,available,279.65,341.75,medium,low,12,spaceship,,,29/09/2026 14:45
839608cc-7088-4ce6-9597-404c13799ae9,digging.game,available,309.99,429.99,high,low,7,namesilo,,,27/09/2026 13:02
121977fb-8ac0-4992-81be-d5a09cec4d79,cut.game,premium,1729,1729,high,low,3,namesilo,,,24/09/2026 12:16
a81fdcc8-1d60-4fa3-a6bd-4514b5176888,jerome.game,available,309.99,429.99,medium,low,6,namesilo,,,25/09/2026 05:46
c6588df5-31e4-431a-8a7e-d58f7bb3bcc4,flinty.game,available,309.99,329.99,medium,low,6,namesilo,,,18/08/2026 08:18
664bcf89-2b95-4814-8cfc-0cc29d28cb37,juiceless.game,available,309.99,329.99,medium,low,9,namesilo,,,22/08/2026 14:18
6ea8bffa-42c3-43ed-9e0d-c49589112aa4,fiberoptic.game,available,309.99,329.99,medium,low,10,namesilo,,,18/08/2026 03:12
e4819b9e-fa2e-4c91-871b-5d4446e8dfae,accrual.game,available,309.99,429.99,medium,low,7,namesilo,,,16/09/2026 23:14
a24dae0d-3811-4774-b358-7fdbe834dec1,taste.game,available,309.99,429.99,high,low,5,namesilo,,,29/09/2026 21:45
df5c25a0-b6a1-4089-a4a3-59c71cf0384e,advisedly.game,available,309.99,429.99,medium,low,9,namesilo,,,13/09/2026 17:38
4aa14221-c172-4a88-b92a-e09a06541d97,fractious.game,available,309.99,329.99,medium,low,9,namesilo,,,18/08/2026 13:53
1b8ff392-fe2f-4315-88d0-e8277900a98d,avellan.game,available,309.99,329.99,medium,low,7,namesilo,,,07/08/2026 22:24
876b9e6f-0c6d-47f6-9570-6d8be3e60bca,amerind.game,available,309.99,329.99,medium,low,7,namesilo,,,
f97ac20c-9da4-4734-a0d0-acd534571f32,morris.game,available,309.99,429.99,high,low,6,namesilo,,,25/09/2026 05:42
b13e87e1-5f66-40af-817f-f9cd5dd8a0c4,seraphic.game,available,309.99,329.99,high,low,8,namesilo,,,12/08/2026 04:26
381b3a39-a2c5-4602-9a47-4da844d35780,comforted.game,available,309.99,429.99,high,low,9,namesilo,,,23/09/2026 15:14
3c5c1cc9-90ea-44dc-88da-63febbdaa258,conditionally.game,available,309.99,429.99,medium,low,13,namesilo,,,29/09/2026 14:42
d0ffc52a-9e2a-4ae3-9cbb-e7f9a61e9d77,avocet.game,available,309.99,429.99,medium,low,6,namesilo,,,21/09/2026 09:44
3e2d33dd-5cf8-4d02-a7ad-d0cbe058eb84,gsm.game,available,309.99,353.32,high,low,3,dynadot,,,29/09/2026 15:14
648a9429-940c-48b9-8c6a-5b7c2f0b4819,sigurd.game,available,279.65,341.75,medium,low,6,spaceship,,,30/09/2026 02:51
42631c1e-0492-4d00-a030-faf75771a604,relieved.game,available,309.99,329.99,high,low,8,namesilo,,,
f3d9268f-1e53-422b-96bf-7615b0d4bb41,tights.game,available,309.99,429.99,high,low,6,namesilo,,,02/10/2026 05:36
70b33e12-28a9-42e2-86cc-ad54ddb923e9,galling.game,available,309.99,329.99,high,low,7,namesilo,,,
44694ff7-95a6-4f68-b94a-e9de3f7b454d,bergman.game,available,310.98,547.98,high,low,7,namecheap,,,23/09/2026 09:21
b0521552-a842-47b6-908b-1df7e9c4e972,beecher.game,available,309.99,429.99,medium,low,7,namesilo,,,23/09/2026 00:12
b49c2cb3-69fa-484c-9fae-b49a859265c7,murad.game,available,309.99,429.99,high,low,5,namesilo,,,30/09/2026 05:11
e7bca50b-472e-464b-ba89-1890a759e81d,bones.game,available,279.65,341.75,medium,low,5,spaceship,,,29/09/2026 03:19
80455c31-960e-4d72-b663-4d4d3f1be510,kandy.game,available,309.99,429.99,high,low,5,namesilo,,,02/10/2026 05:33
803fa6ab-3b6d-433a-9e5a-728d758056b2,maturation.game,available,310.98,498,high,low,10,namecheap,,,20/08/2026 20:27
c9a06de4-7357-4d77-a506-d96a6ec07972,doncaster.game,available,279.65,341.75,high,low,9,spaceship,,,29/09/2026 23:47
27a8fdb7-d50c-4925-916b-a4c252fed905,opulent.game,available,309.99,329.99,high,low,7,namesilo,,,14/08/2026 00:58
6c35ad44-ca42-43d5-a6b4-448e77f66b9b,lanthanum.game,available,309.99,429.99,medium,low,9,namesilo,,,20/09/2026 23:20
8ac2b662-8169-412d-9f6b-85a790109d9f,federalist.game,available,309.47,340.37,medium,low,10,porkbun,,,28/09/2026 19:11
3e84fa4a-1dbf-480d-a895-c77f5ddfe4f2,invite.game,premium,1345.7,1345.7,high,low,6,spaceship,,,30/09/2026 00:22
cfc2a0a2-26ac-468f-97b9-c382867d8baf,homosexuality.game,available,300.2,300.2,medium,low,13,cloudflare,,,29/09/2026 10:16
3df72cc0-2c9c-4011-a979-8442fbe56e40,companion.game,available,310.98,547.98,high,low,9,namecheap,,,24/09/2026 16:40
88877c93-99f5-47a0-b729-a992bd030dce,pitted.game,available,309.99,329.99,medium,low,6,namesilo,,,
f9082823-2e03-4514-b8fd-92815d0d5ac2,acrylic.game,available,349.99,619.99,high,low,7,name.com,,,17/09/2026 04:05
3e2d93b5-00cf-4c14-bcd8-d2995c0286ad,tattletale.game,available,309.99,429.99,medium,low,10,namesilo,,,11/09/2026 10:28
873d2743-69d6-4e5f-b099-35f07aeb896d,weizmann.game,available,279.65,341.75,high,low,8,spaceship,,,01/10/2026 18:56
488ea45f-148a-4efd-9572-c64e49ec73e0,brunch.game,available,309.99,429.99,high,low,6,namesilo,,,24/09/2026 10:54
d879a45b-bf0b-4b6f-a97d-02424e4d0478,congregational.game,available,309.99,329.99,medium,low,14,namesilo,,,
2e84f493-e3e2-4e8f-8367-7fc14c769115,judgmental.game,available,309.99,329.99,medium,low,10,namesilo,,,22/08/2026 14:10
8b089af6-e37e-43b0-9272-9159f9ba9b79,shotgun.game,available,310.98,547.98,high,low,7,namecheap,,,26/09/2026 00:14
91f5a9b5-841f-443d-9a2d-38da813e66e8,twister.game,available,279.65,341.75,medium,low,7,spaceship,,,02/10/2026 04:32
235a8399-04eb-4449-9de0-90ec1e3cde76,glassy.game,available,309.99,329.99,high,low,6,namesilo,,,20/08/2026 14:12
6f213eb8-577b-46ff-941f-8ebde93b9b75,contracts.game,available,309.99,429.99,medium,low,9,namesilo,,,28/09/2026 08:33
be27b143-802e-4cb9-855d-dc3080f3f499,tracing.game,available,309.47,340.37,high,low,7,porkbun,,,30/09/2026 13:25
e8015b66-7148-4e3c-8e6b-573dc7e1b7cd,quenched.game,available,309.99,429.99,medium,low,8,namesilo,,,09/09/2026 08:25
702e58d9-2f23-4043-a8a1-b5e99a1e611c,jumbled.game,available,309.99,329.99,medium,low,7,namesilo,,,21/08/2026 08:39
fef8a9ce-f359-48b7-8ab5-77c0ec2c0287,carte.game,available,309.99,429.99,medium,low,5,namesilo,,,23/09/2026 16:04
ba7aa314-ac4e-4dd2-94c0-cae529e2c76e,welcoming.game,available,309.99,429.99,high,low,9,namesilo,,,13/09/2026 10:14
360033a5-a05a-40d3-92e4-2fc5b1e8133c,antimicrobial.game,available,310.98,547.98,medium,low,13,namecheap,,,30/09/2026 11:51
0992dafe-775b-4596-8614-74a74fbffe11,indic.game,available,309.99,329.99,medium,low,5,namesilo,,,22/08/2026 03:16
7c557c8a-955e-44e9-8dd3-f023b14318dc,isfahan.game,available,309.99,429.99,medium,low,7,namesilo,,,20/09/2026 14:32
d49bcf4e-9bf0-416d-9958-7fc164378bca,effort.game,available,279.65,341.75,high,low,6,spaceship,,,01/10/2026 03:08
62daf90f-52c9-45e4-9fe0-9d648bccf4dd,providing.game,available,310.98,547.98,high,low,9,namecheap,,,28/09/2026 07:19
5010e090-3ba0-4106-abb1-51bafcb803d4,precisely.game,available,309.99,429.99,high,low,9,namesilo,,,04/09/2026 14:15
2eff01d2-fbe4-4ac4-ac83-32da25a86aa8,swapping.game,available,279.65,341.75,high,low,8,spaceship,,,02/10/2026 07:39
2f38fbdb-f793-4405-8db6-360d1694af3b,springer.game,available,309.99,429.99,high,low,8,namesilo,,,01/10/2026 03:51
5f0cc227-b70c-42b3-a08a-263c0a6da170,slopped.game,available,309.99,329.99,low,low,7,namesilo,,,09/08/2026 15:45
dada63b1-51b6-48fb-974c-05fd2e6cfdca,capitol.game,available,309.99,429.99,high,low,7,namesilo,,,29/09/2026 07:23
266c2755-7070-416a-8632-7f6ff5951a04,resilient.game,available,309.99,329.99,high,low,9,namesilo,,,10/08/2026 21:47
2c75af8a-81a7-401c-861d-2dada2206005,carp.game,available,300.2,300.2,medium,low,4,cloudflare,,,01/10/2026 18:55
ddbc4456-ddda-4ce8-98fa-66dfb8ed5e55,liquefied.game,available,309.99,329.99,medium,low,9,namesilo,,,23/08/2026 22:01
6d9a2e8c-a729-4bf8-97d0-ce869b1cdb77,intriguing.game,available,309.99,429.99,high,low,10,namesilo,,,25/09/2026 10:52
be74cbb2-5c57-4649-b4e7-514b2a386910,gluttonous.game,available,309.99,329.99,medium,low,10,namesilo,,,20/08/2026 15:32
1a2937f0-b134-4046-9e6d-c0564c632526,telltale.game,premium,1690,1690,high,low,8,namecheap,,,11/09/2026 10:35
c888f432-8759-4d35-a793-abce6914b08d,aestival.game,available,309.99,329.99,medium,low,8,namesilo,,,
7145c056-cbd3-4979-bc32-161b1a059ac1,scab.game,available,309.99,429.99,medium,low,4,namesilo,,,24/09/2026 02:52
2ee7c44f-247b-4225-890c-1a51b19dc2b3,decoders.game,available,309.99,429.99,medium,low,8,namesilo,,,20/09/2026 07:41
5c226c77-3ee3-4fa7-a4ef-882472d12e03,turgid.game,available,310.98,498,medium,low,6,namecheap,,,10/08/2026 18:07
83bb5f45-54d2-46cb-9192-cbe70085b007,adorno.game,available,309.99,429.99,medium,low,6,namesilo,,,01/10/2026 06:08
59f5ea47-d139-4b41-a8a7-36278eefaf54,loyalist.game,available,309.99,429.99,medium,low,8,namesilo,,,10/09/2026 18:31
0e20cf16-fb0d-4bdf-9c7b-02fb9d97f783,blm.game,available,309.47,340.37,high,low,3,porkbun,,,29/09/2026 09:47
64784c66-39d5-41b5-9585-ccae64d2c6e6,sesame.game,available,309.99,429.99,high,low,6,namesilo,,,23/09/2026 08:27
9f9603b1-c8d5-4b4d-808c-7f9cd755b579,ammon.game,available,279.65,341.75,medium,low,5,spaceship,,,02/10/2026 08:53
8fb317cb-da04-45c0-8e06-8697d73b2a9d,rudy.game,available,309.99,429.99,high,low,4,namesilo,,,27/09/2026 07:02
3ad89b10-9d39-44ba-a2ea-dedb3fee2ecf,tewkesbury.game,available,309.99,429.99,medium,low,10,namesilo,,,22/09/2026 16:07
015818d4-252b-491a-8267-74683a17abd0,hermit.game,available,309.99,429.99,high,low,6,namesilo,,,09/09/2026 11:42
1c33de32-628f-4fa7-ba1a-7005adb42906,how.game,available,309.99,429.99,high,low,3,namesilo,,,30/09/2026 22:12
82972d10-8a89-4e93-87c4-e5acf4354487,faddy.game,available,309.99,329.99,medium,low,5,namesilo,,,17/08/2026 20:35
f131abd0-645e-431a-941e-a2e0796d33f1,guizhou.game,available,309.47,340.37,medium,low,7,porkbun,,,02/10/2026 20:02
12a11581-2c0d-45ac-bd80-8c9d72da53d7,orpine.game,available,309.99,329.99,medium,low,6,namesilo,,,24/08/2026 07:58
3ac597c1-4a75-41a3-8094-29335ee158c4,jest.game,available,279.65,341.75,high,low,4,spaceship,,,01/10/2026 19:41
f7af344e-e574-4d7a-a607-dc28e7a48fda,investigation.game,available,309.99,429.99,high,low,13,namesilo,,,25/09/2026 17:01
50de353a-e6f1-4b46-989d-6602a4a1e274,refulgent.game,available,309.99,329.99,medium,low,9,namesilo,,,15/08/2026 16:26
b2111222-a342-4305-bdf1-5cdb281e7f69,plebeian.game,available,310.98,547.98,medium,low,8,namecheap,,,08/09/2026 21:00
a8ff0142-d082-4a90-ac46-d4f560cc1ca6,liveness.game,available,310.98,547.98,high,low,8,namecheap,,,19/09/2026 09:04
ed7577a6-597e-4708-9797-b21bba56c09e,carbonated.game,available,309.99,329.99,medium,low,10,namesilo,,,11/08/2026 18:39
b9ac7c02-8799-45a1-9379-50695b79322f,cbe.game,available,279.65,341.75,high,low,3,spaceship,,,29/09/2026 09:19
a310af8a-0f32-44b3-a258-c190bc9e7050,armorial.game,available,309.99,329.99,medium,low,8,namesilo,,,06/08/2026 20:15
a5aa5daa-1d8b-441e-a949-96ae934d8403,acr.game,available,279.65,341.75,high,low,3,spaceship,,,02/10/2026 19:10
ca1aae1a-011d-4dd1-b88b-01da9c889c40,hepatic.game,available,309.99,329.99,medium,low,7,namesilo,,,21/08/2026 06:47
7f20545b-efc0-4a73-9a22-aa949e4b4af6,gentry.game,premium,1729,1729,high,low,6,namesilo,,,01/10/2026 19:44
575c0d06-ae50-4a05-8e73-354e8eb462fe,court.game,premium,1625,,high,low,5,name.com,,,27/09/2026 16:05
aee4f830-1ac9-40d6-a310-a273b08e2b73,lark.game,available,300.2,300.2,high,low,4,cloudflare,,,30/09/2026 09:46
c5f58051-c4a1-4b65-ae54-3df22b518412,highness.game,available,300.2,300.2,high,low,8,cloudflare,,,28/09/2026 14:27
4cc38ed7-dea2-453a-a73a-bdcec89c7bab,fortify.game,available,309.99,429.99,high,low,7,namesilo,,,20/09/2026 06:18
b0a45c95-d8fd-4a83-b858-779a4b96da6d,tattoo.game,premium,1729,1729,high,low,6,namesilo,,,27/09/2026 05:36
4c76663c-8081-4e34-8323-e89e3d21df98,manipulated.game,available,309.99,429.99,medium,low,11,namesilo,,,29/09/2026 16:09
70fa10a5-7d19-453d-a56d-4b2a3c3c435d,mrs.game,available,309.99,429.99,high,low,3,namesilo,,,25/09/2026 09:30
63efafd5-dd54-4818-a09d-cf85ce627df8,upbringing.game,available,279.65,341.75,high,low,10,spaceship,,,29/09/2026 18:06
9031e4b4-c57d-4bfb-ad88-d12b24301cc4,grand.game,available,309.99,429.99,high,low,5,namesilo,,,21/09/2026 11:05
e989206b-9bae-4d17-9376-cd909f1e08a2,bilk.game,available,309.99,429.99,medium,low,4,namesilo,,,09/09/2026 08:21
aabeb2c1-8b0e-42c7-8a6c-c1a6eba6123b,mick.game,available,309.99,429.99,high,low,4,namesilo,,,28/09/2026 02:25
dfa8dfd8-8e2e-4767-bde4-18276171385a,ariled.game,available,310.98,498,medium,low,6,namecheap,,,06/08/2026 19:09
033d183c-30f7-49cb-a1e0-c46d9493d09c,maturely.game,available,309.99,429.99,medium,low,8,namesilo,,,15/09/2026 13:40
5fa449eb-dfd1-455e-a4cc-7425f82e29f8,sna.game,available,309.99,353.32,high,low,3,dynadot,,,02/10/2026 19:04
8307f1b1-ec05-42e5-83a4-b84c214fc020,liter.game,available,309.99,329.99,high,medium,5,namesilo,,,22/08/2026 17:07
d6ecf970-62f2-4eec-a062-3e5849bac292,remove.game,available,309.99,429.99,high,low,6,namesilo,,,21/09/2026 14:40
c360c059-c20d-48fb-b687-bf9373ab6102,transformed.game,available,279.65,341.75,high,low,11,spaceship,,,29/09/2026 10:35
8603debc-0b8a-43e9-b038-14907f75c99a,cheery.game,available,309.99,329.99,high,low,6,namesilo,,,12/08/2026 03:56
e8558f09-ffe4-4691-95a9-96143c75f607,antigua.game,available,309.99,429.99,high,low,7,namesilo,,,19/09/2026 14:32
2bdd5944-e718-4cd9-846b-5d02e1e9d4e3,resurrected.game,available,310.98,547.98,medium,low,11,namecheap,,,02/10/2026 02:52
e37f5e8b-421c-4c53-a26f-1113da4ab4e3,grizzled.game,available,310.98,498,medium,low,8,namecheap,,,20/08/2026 20:11
65231823-b6c9-4419-a6fd-0e163b01fa9e,rest.game,available,279.65,341.75,high,low,4,spaceship,,,27/09/2026 12:11
f17ce9ff-c9e3-4608-ab7c-e3b03d807b8f,greenish.game,available,349.99,616.99,medium,low,8,name.com,,,13/08/2026 18:01
4eedc68a-7d38-4a30-a782-a0a4a3886ed9,unlit.game,available,309.99,429.99,medium,low,5,namesilo,,,12/09/2026 13:03
f86dde67-d0e6-4a42-b26d-26da08873bc4,literacy.game,available,699.99,699.99,high,low,8,godaddy,,,30/09/2026 02:09
5fd2d8ba-f86c-4a66-96fd-00c4866f4eb0,bromley.game,available,279.65,341.75,medium,low,7,spaceship,,,28/09/2026 17:16
1df2c367-b6a6-448f-bcc7-33b2a70dd531,equilibria.game,available,279.65,341.75,medium,low,10,spaceship,,,30/09/2026 16:06
a8c19ab9-a3b9-4daa-a293-ac295ec698f3,elliott.game,available,310.98,547.98,high,low,7,namecheap,,,25/09/2026 21:06
ccf33cf5-8c25-4e05-9b99-329cdce7fab7,impress.game,available,279.65,341.75,high,low,7,spaceship,,,29/09/2026 23:37
1ddcd484-b3c3-453a-acb4-6de6f4ea397f,unhatched.game,available,309.99,429.99,medium,low,9,namesilo,,,12/09/2026 12:05
8b281724-628d-4f87-a6c3-23d354d08a73,regeneration.game,available,279.65,341.75,high,low,12,spaceship,,,29/09/2026 22:53
f6cb3635-d8cf-40ac-8192-ef045fd7b852,newark.game,available,309.47,340.37,medium,low,6,porkbun,,,28/09/2026 19:59
4be495e1-a9f6-4bde-9652-17ee726b88a3,limpid.game,available,309.99,329.99,high,low,6,namesilo,,,13/08/2026 09:41
35cf5d2b-f057-410f-a8b2-b17d479b4b1d,equation.game,available,300.2,300.2,high,low,8,cloudflare,,,28/09/2026 19:06
6943e651-e5e3-4dfb-82cb-2566f74d73ab,grady.game,available,309.47,340.37,medium,low,5,porkbun,,,28/09/2026 08:08
73de813b-05b6-4bba-a77a-5892ce909153,influences.game,available,300.2,300.2,medium,low,10,cloudflare,,,30/09/2026 07:02
af3e86de-ab53-4c29-8d7e-9bc0ffb3acc3,lithe.game,available,309.99,429.99,high,low,5,namesilo,,,02/10/2026 11:27
5d3c3ff6-4399-4deb-ad01-6685d566a6ac,phone.game,premium,1430,1430,high,low,5,dynadot,,,29/09/2026 17:28
f8cbc2be-8ee3-4f05-aaec-9726f305aa5c,ses.game,available,279.65,341.75,high,low,3,spaceship,,,28/09/2026 12:11
2e44065b-3f1d-4bc4-a78e-c6976c6f837b,transistor.game,available,309.99,429.99,high,low,10,namesilo,,,03/10/2026 00:37
2abd8658-8b9c-4834-8bd3-294d9f0fb611,jitney.game,available,309.99,429.99,medium,low,6,namesilo,,,21/09/2026 05:56
6369bbd0-145a-42ca-a93f-58a91ea99294,binocular.game,available,309.99,329.99,high,low,9,namesilo,,,10/08/2026 00:15
628ad809-dbd1-497d-b36e-a6149320ec62,hierarchic.game,available,309.99,329.99,medium,low,10,namesilo,,,21/08/2026 08:20
d4556dd2-0dde-4c7c-8203-8564e26bec5f,stochastic.game,available,310.98,547.98,medium,low,10,namecheap,,,10/09/2026 20:50
fb434d9d-76a5-4eed-a429-848bfd4f26fc,alcides.game,available,309.99,429.99,medium,low,7,namesilo,,,18/09/2026 04:05
794f5137-07c4-4658-8e52-2feb001e40af,cartagena.game,available,309.99,429.99,medium,low,9,namesilo,,,29/09/2026 00:21
b6eb4338-6d23-426b-aa60-4c535eb7537e,wavell.game,available,309.99,429.99,medium,low,6,namesilo,,,20/09/2026 02:03
a29906e2-095d-4c89-87b1-bc98ae57e905,associated.game,available,279.65,341.75,medium,low,10,spaceship,,,28/09/2026 08:17
6d3f3c39-fc85-4be3-a66c-e62ffbcfee65,birken.game,available,309.99,329.99,medium,low,6,namesilo,,,10/08/2026 06:03
a83f0fe2-6ef0-4fa7-b9be-4c96000ef64a,dais.game,available,309.99,429.99,high,low,4,namesilo,,,18/09/2026 17:12
f8ea8348-56fb-4def-b6e2-3e380d53381b,carrying.game,available,300.2,300.2,high,low,8,cloudflare,,,01/10/2026 19:14
a4793cf2-a0ee-42c2-80fe-ce754c15daa7,yesterday.game,available,309.99,429.99,high,low,9,namesilo,,,28/09/2026 16:50
3fa228b1-1509-4f47-81b5-064e92b2ea1d,paranoid.game,available,309.99,429.99,high,low,8,namesilo,,,08/09/2026 01:06
89b56834-34e7-425c-884f-6eb08c0c1986,activist.game,available,309.99,429.99,high,low,8,namesilo,,,21/09/2026 16:34
36d89120-5c45-400a-ae33-67cf078267fd,dollars.game,available,309.99,429.99,high,low,7,namesilo,,,17/09/2026 07:00
739e6290-8a2a-440e-a909-44aa869f34c5,amman.game,available,309.99,429.99,medium,low,5,namesilo,,,18/09/2026 21:59
ea60d43b-e38e-454a-aa62-9edfecfd79c9,pilgrimage.game,available,279.65,341.75,high,low,10,spaceship,,,29/09/2026 20:00
156fc853-a77e-4a88-aa39-4919c2cb2b83,provides.game,available,309.99,429.99,medium,low,8,namesilo,,,16/09/2026 11:52
b0c5a7ac-66bd-488c-8cc2-788c40e169ec,ninepenny.game,available,309.99,429.99,low,low,9,namesilo,,,03/09/2026 17:37
38859353-9e69-46a5-ab22-a06680b68995,balsa.game,available,310.98,547.98,high,low,5,namecheap,,,21/09/2026 23:56
73c73798-e8d3-466d-abb9-0f7a091291b6,deniable.game,available,309.99,329.99,medium,low,8,namesilo,,,14/08/2026 01:50
14a58274-f249-4b20-b0ee-8c563906eecf,activeness.game,available,309.99,429.99,medium,low,10,namesilo,,,17/09/2026 05:11
2e68e7a6-96d3-4271-b20d-e08dec4e7171,ceremony.game,available,309.99,429.99,high,low,8,namesilo,,,08/09/2026 07:31
50ec1e94-2aa9-4fd4-aff4-aedc6aeb33c6,john.game,premium,1690,1690,high,medium,4,namecheap,,,09/09/2026 02:17
7781815d-29f9-4951-9804-ce8943eb712b,gloomy.game,available,309.99,329.99,medium,low,6,namesilo,,,14/08/2026 11:40
570e6842-272f-48da-a064-77c0e4202db5,pediatric.game,available,309.99,429.99,high,low,9,namesilo,,,04/09/2026 22:48
86c90906-980c-4843-bc14-b97c38e03311,bam.game,available,310.98,547.98,high,low,3,namecheap,,,22/09/2026 00:34
0166e886-73c9-49c2-b320-070611d8ded8,snowballs.game,available,310.98,547.98,medium,low,9,namecheap,,,19/09/2026 21:49
c6917990-519f-4fc6-b918-519cb6a1f91f,severn.game,available,309.99,429.99,medium,low,6,namesilo,,,28/09/2026 15:15
e1e0589a-648b-4071-9745-ea1a2c13a6d5,ship.game,available,310.98,547.98,high,medium,4,namecheap,,,30/09/2026 11:08
0c3a174a-2c21-4030-95fd-c6821957cc52,cancellation.game,available,309.99,429.99,medium,low,12,namesilo,,,29/09/2026 10:21
f141b6bd-3409-47cd-a18f-646cae6b8d05,volvo.game,premium,1625,,high,low,5,name.com,,,01/10/2026 11:45
851d0548-143d-4f39-b3ef-03e6b71686bb,novelist.game,available,309.99,429.99,high,low,8,namesilo,,,29/09/2026 01:44
e1b530d8-537e-4123-81ea-33001d22ce30,bartley.game,available,279.65,341.75,medium,low,7,spaceship,,,30/09/2026 21:53
cd44d8c2-8226-46c7-9cff-9cf6e2fe2a8a,kristine.game,available,279.65,341.75,medium,low,8,spaceship,,,02/10/2026 19:48
2196bfb2-cabb-4551-9cef-9c40bb96a817,gusto.game,available,309.99,429.99,high,low,5,namesilo,,,29/09/2026 21:46
080ef162-9cc1-4c39-b7af-36dc34ef5c0a,coeliac.game,available,309.99,329.99,medium,low,7,namesilo,,,12/08/2026 15:21
f0e878a3-b63a-4c64-b0d3-85e260accb16,platelike.game,available,310.98,547.98,high,low,9,namecheap,,,08/09/2026 20:17
1c8055cc-b0fa-4483-b7a5-b5efefe6b6a6,activewear.game,available,309.99,429.99,high,low,10,namesilo,,,17/09/2026 05:14
3814de8a-b7a6-4b5f-b162-b7a3d0b5856f,directs.game,available,279.65,341.75,medium,low,7,spaceship,,,02/10/2026 22:36
0cba364b-4f69-49fc-903e-3f9943cca987,beginnings.game,available,279.65,341.75,medium,low,10,spaceship,,,30/09/2026 00:17
c8ed4d8a-880e-4af5-84b8-4e4e801a70cb,itv.game,available,300.2,300.2,high,medium,3,cloudflare,,,29/09/2026 03:49
f5e3107a-a414-4fba-bb73-e7aa3667a2c0,aplitic.game,available,309.99,329.99,medium,low,7,namesilo,,,06/08/2026 00:35
a61a237e-9d81-4e06-a9a8-54918561229d,solubility.game,available,279.65,341.75,medium,low,10,spaceship,,,30/09/2026 11:04
3d9a0cb3-5e99-43e9-9ea9-25019d724f1b,smithsonian.game,available,309.99,429.99,high,low,11,namesilo,,,25/09/2026 12:40
f83e8208-1b9c-42e8-834e-ae5e84bf5824,rents.game,available,279.65,341.75,high,low,5,spaceship,,,30/09/2026 15:40
026d5144-96b2-4487-bc2c-ecc509852d0a,easing.game,available,309.99,429.99,high,low,6,namesilo,,,02/10/2026 14:56
83486064-060a-466d-aa53-68db1290eece,abo.game,available,309.99,329.99,high,low,3,namesilo,,,
ff16326c-71b6-4d32-907a-7addcc5c81f6,obstruct.game,available,309.99,353.32,medium,low,8,dynadot,,,01/10/2026 01:09
0373c27e-1d84-422e-9bb2-a87ce360d873,endow.game,available,310.98,547.98,high,low,5,namecheap,,,24/09/2026 23:37
dbe72f7e-c4f4-4b1e-a225-681b417b79ba,unfree.game,available,309.99,429.99,medium,low,6,namesilo,,,12/09/2026 10:43
552e32cc-37ec-4f45-abb6-bc40b28c2575,sintering.game,available,279.65,341.75,medium,low,9,spaceship,,,01/10/2026 15:38
54fda86b-3afb-488e-815a-9fadadb4a9bc,sculptural.game,available,309.99,329.99,medium,low,10,namesilo,,,25/08/2026 02:53
c8511b53-6495-4503-9e8a-85cceedd8b42,governors.game,available,300.2,300.2,low,low,9,cloudflare,,,01/10/2026 16:31
1888387c-1276-4223-ade9-47208906b233,polymeric.game,available,309.99,429.99,medium,low,9,namesilo,,,08/09/2026 23:25
4e22b61c-d691-481b-973f-a60f7ba804e0,salute.game,available,309.99,429.99,high,low,6,namesilo,,,28/09/2026 06:25
239f1a87-a2c3-45e9-8c40-80ddfed43353,comfortable.game,available,349.99,619.99,high,low,11,name.com,,,26/09/2026 00:46
51a0292f-0a59-469e-903c-b4768dcedd65,unfortunately.game,available,309.99,353.32,medium,low,13,dynadot,,,01/10/2026 06:06
bf9ebc65-af23-4a5e-89f6-e60405be17fe,dominican.game,available,309.99,329.99,high,low,9,namesilo,,,14/08/2026 15:44
668f1364-6687-4e49-9607-9855a377c33e,ladies.game,available,309.99,429.99,high,low,6,namesilo,,,17/09/2026 00:29
fc7cfa74-4c45-4933-b8c4-08f90cba76e0,appendage.game,available,310.98,547.98,medium,low,9,namecheap,,,19/09/2026 20:35
e620d0ac-996c-4f6f-884f-89ec9ed1a1e4,procedural.game,available,309.99,429.99,high,low,10,namesilo,,,09/09/2026 02:31
d2c0948b-da7e-49af-a190-9422d4cfa1ca,levine.game,available,309.99,429.99,medium,low,6,namesilo,,,25/09/2026 16:14
ced27e90-8700-436c-a68a-10a157c6f9a0,consequent.game,available,309.99,329.99,high,low,10,namesilo,,,
efe2d776-ece8-450a-b53f-4318f90d4849,cia.game,available,310.98,547.98,high,medium,3,namecheap,,,24/09/2026 13:36
b29a8b42-852e-4b08-bab0-fed0b9de80ec,shambolic.game,available,309.99,429.99,medium,low,9,namesilo,,,10/09/2026 05:51
e421ebc7-7d38-460a-aea7-57b375aae832,richardson.game,available,310.98,547.98,medium,low,10,namecheap,,,28/09/2026 14:25
6bc3107a-0585-48f6-8b5c-048178f7bec0,frozen.game,available,310.98,547.98,high,low,6,namecheap,,,24/09/2026 19:29
417e12d6-85c7-46ab-85ba-7678b86b8ee6,midmost.game,available,309.99,329.99,medium,low,7,namesilo,,,24/08/2026 22:29
aec0975b-b79a-4aeb-82e3-ec74ce9fad31,nascent.game,available,309.99,429.99,medium,low,7,namesilo,,,03/09/2026 13:35
0e2d9bf5-91ec-4e85-8816-b6638f50e0a9,sunlight.game,available,309.99,429.99,high,low,8,namesilo,,,30/09/2026 12:24
95af1ae2-aed1-4207-aaf6-376f84afb50c,searing.game,available,309.99,429.99,medium,low,7,namesilo,,,10/09/2026 00:54
732fe4e4-a5e9-484c-88fd-aed8b66120cd,funk.game,available,279.65,341.75,medium,low,4,spaceship,,,28/09/2026 13:33
4d6ce4c1-5bf8-4795-b45f-d84923c8785e,rob.game,available,310.98,547.98,high,low,3,namecheap,,,25/09/2026 22:49
2419a798-5d81-4dfd-bedc-b3752a6aab7e,informing.game,available,300.2,300.2,high,low,9,cloudflare,,,30/09/2026 00:09
9624221e-50b8-47af-aaa4-0e1effdceb82,fateful.game,available,309.99,329.99,medium,low,7,namesilo,,,11/08/2026 13:32
3ec9158e-dcbb-4420-b562-a700d22264c9,plugging.game,available,310.98,547.98,high,low,8,namecheap,,,02/10/2026 18:31
47745635-dde0-4bf0-b270-ed338396461a,bns.game,available,310.98,547.98,high,low,3,namecheap,,,21/09/2026 14:15
b30e1d4a-7402-4b9c-a6b3-3cde950a605f,apocope.game,available,310.98,547.98,medium,low,7,namecheap,,,19/09/2026 18:11
de2199dd-6724-49d1-afdc-bac996aaba7a,laboring.game,available,310.98,498,medium,low,8,namecheap,,,14/08/2026 19:56
0f030362-468d-40f3-9c37-0cd8527a37bb,basket.game,available,309.99,429.99,high,low,6,namesilo,,,29/09/2026 01:26
6139d921-eb96-4499-82be-cc8ac3e87bf7,employer.game,available,279.65,341.75,high,low,8,spaceship,,,29/09/2026 18:08
64a6aa46-1f22-4d52-bdcd-c11ee52802fc,trade.game,premium,1345.7,1345.7,high,medium,5,spaceship,,,02/10/2026 01:34
64a0955f-2f7c-4b8b-aeea-9be252abb5a8,ageratina.game,available,309.99,429.99,medium,low,9,namesilo,,,17/09/2026 17:21
7eff0ded-b975-412b-8c09-2cbc93145403,saints.game,premium,1430,1430,medium,low,6,dynadot,,,28/09/2026 16:34
82de3eae-d15a-46fe-9889-69da08c23fc8,invent.game,available,309.99,353.32,high,low,6,dynadot,,,29/09/2026 14:43
302cfece-7890-4d9e-bff8-350bf4d2175f,translating.game,available,310.98,547.98,medium,low,11,namecheap,,,17/09/2026 20:51
90e83d40-a15b-4d09-9f8e-7268d74e8912,immune.game,available,310.98,498,high,low,6,namecheap,,,21/08/2026 21:26
40a35038-aad9-47a9-ae22-8bd6f8b7e31e,motionless.game,available,309.99,329.99,medium,low,10,namesilo,,,25/08/2026 07:28
8008ee03-fa56-488c-ba2f-fbbfd9447322,deutsch.game,available,309.99,429.99,high,low,7,namesilo,,,28/09/2026 11:22
933c3917-24ea-41a9-82db-4c4006c7c088,worded.game,available,309.99,429.99,medium,low,6,namesilo,,,20/09/2026 15:04
5d9d7f5b-a738-4181-a6bd-69de0744a5cc,silvervine.game,available,309.99,429.99,medium,low,10,namesilo,,,17/09/2026 04:49
f27bc996-f822-48f7-99b3-48bd11132021,pattern.game,available,309.99,329.99,high,low,7,namesilo,,,25/08/2026 02:49
39b79cc7-1689-41de-ac62-ed8c95e3fc8f,estimates.game,available,309.99,429.99,medium,low,9,namesilo,,,20/09/2026 04:10
b3297450-0984-4d2d-84de-30cf42c243b2,sauer.game,available,279.65,341.75,medium,low,5,spaceship,,,29/09/2026 22:40
2986f4a0-7f5a-4abc-82ce-b002e66fcd1f,herod.game,available,309.99,429.99,medium,low,5,namesilo,,,28/09/2026 14:26
791dfd49-65ce-4e13-801e-6872da1e1b22,umpteenth.game,available,309.99,429.99,medium,low,9,namesilo,,,11/09/2026 23:09
7549c958-df85-4ffa-92e5-b5e8ac619656,belinda.game,available,279.65,341.75,medium,low,7,spaceship,,,29/09/2026 09:21
55f9b4a4-73aa-4fff-a6a1-cb5dc6c7fc96,farc.game,available,279.65,341.75,medium,low,4,spaceship,,,03/10/2026 00:42
2e7b5c07-2ef1-4384-bee7-e374c9a2ad95,perhaps.game,available,279.65,341.75,high,low,7,spaceship,,,28/09/2026 16:16
3b4148a5-bbca-4f49-a4dc-8491b261a207,christiana.game,available,309.99,429.99,medium,low,10,namesilo,,,01/10/2026 00:03
c7f2268f-0174-4610-88a6-6ac3dce6e77e,stations.game,available,309.99,429.99,high,low,8,namesilo,,,30/09/2026 11:51
9de59f31-75ef-4bb1-9383-932dd756a7cc,statuesque.game,available,309.99,329.99,medium,low,10,namesilo,,,22/08/2026 14:32
d8fdba3a-546e-4ac1-b01f-73da532bc984,desk.game,available,309.99,429.99,high,low,4,namesilo,,,08/09/2026 08:30
a29a91b8-63b9-4b73-9fc5-2a95f5ebbfe5,conflicted.game,available,309.99,429.99,medium,low,10,namesilo,,,01/10/2026 07:28
0110274b-9880-4323-859f-9c95391450a7,proposals.game,available,300.2,300.2,medium,low,9,cloudflare,,,30/09/2026 00:25
e16bdc51-98f8-4fa9-989c-a30e416cfdbb,onionskin.game,available,309.99,329.99,medium,low,9,namesilo,,,18/08/2026 08:17
09e60566-cc67-498c-a481-7dba470b326b,drab.game,available,309.99,329.99,medium,low,4,namesilo,,,14/08/2026 11:43
03d003e2-e3a1-485f-8ec8-98d0a0f5309c,exempt.game,available,309.99,329.99,high,low,6,namesilo,,,17/08/2026 17:02
db6abcf1-100e-4d11-bf77-e10c4bbe0c1c,forested.game,available,309.99,329.99,high,low,8,namesilo,,,18/08/2026 11:43
74c7cc3d-8bec-49b1-971b-d7d469e0495d,seeping.game,available,309.99,429.99,medium,low,7,namesilo,,,04/09/2026 15:36
89d0227c-d525-4363-9227-656cd2eb93bd,responds.game,available,309.99,429.99,medium,low,8,namesilo,,,20/09/2026 08:24
d5023319-0e94-4bb4-9f4d-ce8867efa741,enthusiastic.game,available,309.99,429.99,high,low,12,namesilo,,,28/09/2026 11:14
a5f031cc-74c5-4627-9852-9f84d92b763a,cheeky.game,available,309.99,329.99,high,low,6,namesilo,,,11/08/2026 02:26
9491e02d-67c1-4b5c-b002-454674a35b53,aida.game,available,310.98,547.98,high,low,4,namecheap,,,29/09/2026 22:17
54134a8d-b7d7-4652-b8f6-a6b7511d1f08,waged.game,available,310.98,547.98,low,low,5,namecheap,,,01/10/2026 18:17
a9dce79f-aaf6-45ed-8a89-357e0dc7d4d5,wished.game,available,310.98,547.98,medium,low,6,namecheap,,,17/09/2026 18:39
f63e2372-f7eb-4fff-8160-29f4c96f6029,thousand.game,available,309.99,429.99,high,low,8,namesilo,,,21/09/2026 11:02
fb6884fe-a466-4a51-812b-91ec0c8e956f,havoc.game,available,279.65,341.75,high,low,5,spaceship,,,30/09/2026 10:05
fc92c02b-d394-4296-aac7-feb4f9aeeb96,cyclic.game,available,349.99,616.99,high,low,6,name.com,,,13/08/2026 13:31
6001e2f8-4941-462c-8d6b-6701e5765ff9,comforter.game,available,349.99,619.99,medium,low,9,name.com,,,18/09/2026 10:03
6d6f8ceb-d2e4-43fe-9236-cba016fb2c96,boyish.game,available,309.99,329.99,high,low,6,namesilo,,,11/08/2026 00:04
4258532a-44bf-45b5-a410-b548835ac577,sophisticated.game,available,279.65,341.75,high,low,13,spaceship,,,01/10/2026 19:52
6596370a-31ec-48c0-ad69-bc8a6d1a6768,olof.game,available,309.99,429.99,medium,low,4,namesilo,,,02/10/2026 00:16
10996fec-e519-41cb-8f35-08570a1dca5d,panther.game,available,300.2,300.2,high,low,7,cloudflare,,,29/09/2026 11:45
62293daf-a97b-4140-8606-e5e89972e521,jets.game,premium,1430,1430,high,low,4,dynadot,,,28/09/2026 12:04
988cf465-db86-44e6-b405-34c8657716fc,warrington.game,available,279.65,341.75,medium,low,10,spaceship,,,28/09/2026 07:51
8fdb9b31-70bf-4b95-89c6-c29f6313083a,agility.game,available,310.98,547.98,high,low,7,namecheap,,,17/09/2026 17:49
536e9752-51b6-4097-b523-cc9d12ce75d5,struct.game,available,300.2,300.2,high,low,6,cloudflare,,,02/10/2026 07:44
bc1f5cca-14b4-4a75-ab2c-7f3014a8408c,commits.game,available,310.98,547.98,medium,low,7,namecheap,,,30/09/2026 16:09
310633f5-bf5e-447c-bb25-be053389a07d,terrestrial.game,available,300.2,300.2,high,low,11,cloudflare,,,03/10/2026 02:43
47f56e1e-7c87-4fe8-9627-1ac876cf8abf,pounding.game,available,309.99,429.99,high,low,8,namesilo,,,11/09/2026 14:51
3b894632-99a9-4897-9a50-5d5f4fc53bec,adiposity.game,available,310.98,547.98,medium,low,9,namecheap,,,17/09/2026 08:19
b23b92f8-9496-4051-9810-50483c82ab78,prostatic.game,available,309.99,429.99,medium,low,9,namesilo,,,09/09/2026 03:53
3079b311-cda3-45fc-9ab3-7c51b7d893f2,henceforth.game,available,309.99,429.99,medium,low,10,namesilo,,,15/09/2026 00:15
f54d9775-1e02-433f-a9bb-6c02f3b644a5,rarified.game,available,309.99,329.99,medium,low,8,namesilo,,,17/08/2026 15:46
87502530-20e9-462f-b6ed-b7bab881e4ca,meigs.game,available,279.65,341.75,medium,low,5,spaceship,,,30/09/2026 05:37
31be3574-6b6b-4ae9-b8e2-673c2009d6f6,amboy.game,available,300.2,300.2,medium,low,5,cloudflare,,,29/09/2026 21:41
cbb508b2-e423-4b8d-8bf2-8f24f2f47978,scores.game,available,309.99,429.99,high,low,6,namesilo,,,14/09/2026 23:23
b416d89c-45bf-40b7-a5ff-e0dd99513cf7,assignor.game,available,309.99,429.99,medium,low,8,namesilo,,,20/09/2026 16:27
b4e295b0-75d2-4cf7-b39d-4ecca97495c4,exercises.game,available,300.2,300.2,medium,low,9,cloudflare,,,28/09/2026 17:18
d15c394d-9bd8-414b-b830-cfe0c089b211,mighty.game,available,309.99,329.99,high,low,6,namesilo,,,24/08/2026 22:43
18da2491-0fba-465e-bdd7-4c4e977d23f8,paley.game,available,279.65,341.75,medium,low,5,spaceship,,,29/09/2026 15:50
f4f2a837-7c53-4ebc-8805-800b51678abd,statuary.game,available,310.98,547.98,medium,low,8,namecheap,,,10/09/2026 19:16
87ebab17-d6b6-419b-8670-6a77100c8256,counterpart.game,available,309.99,429.99,high,low,11,namesilo,,,30/09/2026 03:28
bf6289bb-43ca-432e-975f-b2d4a865046e,sate.game,available,309.99,429.99,medium,low,4,namesilo,,,09/09/2026 14:30
eec9fa4e-11aa-4e8e-89ea-1d1ae326a38e,ritually.game,available,309.99,429.99,medium,low,8,namesilo,,,15/09/2026 23:55
6bad4b0a-5eb8-4d5a-84ce-dd260ec422fa,cheaper.game,available,309.99,429.99,low,low,7,namesilo,,,28/09/2026 08:27
139f6c42-5ecb-461f-ae85-bbc9ac8b73bd,appetising.game,available,309.99,329.99,medium,low,10,namesilo,,,06/08/2026 06:50
f29c2020-33d7-4b52-bdf5-7de7177256ad,suing.game,available,279.65,341.75,medium,low,5,spaceship,,,02/10/2026 03:47
beadc669-d3d6-4156-8d1a-fc1db5816752,citrin.game,available,310.98,547.98,high,low,6,namecheap,,,23/09/2026 18:00
adcf9294-1134-414a-9a7b-81043458ef12,dreary.game,available,309.99,329.99,medium,low,6,namesilo,,,14/08/2026 11:47
48cb7b4e-5aa3-466c-8266-a2543964fb94,structured.game,available,309.99,429.99,high,low,10,namesilo,,,10/09/2026 22:50
a438b70f-1dd0-4b1e-8676-7b7737680e08,humans.game,available,279.65,341.75,high,medium,6,spaceship,,,29/09/2026 23:22
4933daad-7603-4be5-b2c9-128f2897ebb2,bigram.game,available,309.99,429.99,medium,low,6,namesilo,,,23/09/2026 15:24
ef6ce42f-c670-4da7-b6c2-71054946a979,relations.game,available,279.65,341.75,high,low,9,spaceship,,,30/09/2026 09:32
7551d2aa-35cc-4f3b-930e-f2e82b7b5387,stolid.game,available,309.99,329.99,medium,low,6,namesilo,,,21/08/2026 21:51
53fd18be-bd21-4a00-9213-d86819059523,chapters.game,available,309.99,429.99,medium,low,8,namesilo,,,29/09/2026 11:10
bde3e78e-7dc6-41bd-aae2-97fa987d2684,stunned.game,available,309.99,429.99,high,low,7,namesilo,,,22/09/2026 03:44
332cc1b7-f7cd-4527-9f34-69eebdc16ca5,heim.game,available,300.2,300.2,medium,low,4,cloudflare,,,02/10/2026 12:30
0af6676c-cbd4-4118-9213-aa2bfbfabdec,deduce.game,available,309.99,429.99,high,low,6,namesilo,,,03/10/2026 02:27
78ba99d3-e67c-4f25-a641-4a755cb16242,flickering.game,available,309.99,329.99,high,low,10,namesilo,,,
53812866-0097-42ed-910b-91f48db96d1e,sonorous.game,available,309.99,429.99,medium,low,8,namesilo,,,10/09/2026 14:13
51082d61-0019-4a76-bcda-23fe744eecc7,ablated.game,available,309.99,329.99,medium,low,7,namesilo,,,
216a0d1e-9077-4f91-883d-c32462454b94,aortic.game,available,309.99,329.99,medium,low,6,namesilo,,,05/08/2026 21:54
a56ba7d3-e6a0-4da8-a080-e905ebf2c07a,nadia.game,available,309.99,429.99,medium,low,5,namesilo,,,28/09/2026 22:03
6226498b-9f6e-4d41-9f16-fdd61794990d,bolshie.game,available,310.98,498,medium,low,7,namecheap,,,10/08/2026 17:55
18e863c5-120b-46d3-b766-c6c2f962f0da,replacing.game,available,309.99,429.99,medium,low,9,namesilo,,,29/09/2026 02:02
9f4fe043-a689-4f41-81c2-4e41046aa3cd,virtual.game,premium,1729,1729,high,medium,7,namesilo,,,01/10/2026 02:51
4703b6fe-0965-4361-92d9-a71956f15c17,extraneous.game,available,310.98,498,medium,low,10,namecheap,,,17/08/2026 19:20
c1151258-4a28-412e-9ad1-586ef74f3bdc,ago.game,available,309.99,429.99,high,low,3,namesilo,,,21/09/2026 23:15
69df3cdb-002c-47ff-89f7-7622bcbdcff5,supervisors.game,available,309.47,340.37,high,low,11,porkbun,,,02/10/2026 13:33
1139cb94-7cf3-46d6-8872-5b4d6d351c0f,recondite.game,available,309.99,329.99,medium,low,9,namesilo,,,
ab1dd3b6-d3c7-4c35-9054-ca06f86c33db,tues.game,available,310.98,547.98,high,low,4,namecheap,,,30/09/2026 14:03
b309a1b9-9e7b-4cc2-9099-f36e0a21ffb8,armenians.game,available,300.2,300.2,medium,low,9,cloudflare,,,01/10/2026 00:36
a0b96623-3e6a-44c3-b75b-3cfdaa4460ff,idler.game,available,309.99,329.99,medium,low,5,namesilo,,,14/08/2026 14:10
646a6152-2aba-4a8f-b7db-33c5136ac943,shrink.game,available,699.99,699.99,high,low,6,godaddy,,,28/09/2026 01:56
37155ebf-dde2-43fb-b918-3fe16edabadd,definitely.game,available,309.47,340.37,high,low,10,porkbun,,,28/09/2026 13:38
67f6b5f6-6da0-4a79-b550-192af2bf3fff,warhead.game,available,279.65,341.75,medium,low,7,spaceship,,,30/09/2026 18:18
b0ee1dc9-d70f-4729-a5e0-7e500ee50b9d,barriers.game,available,309.99,353.32,medium,low,8,dynadot,,,30/09/2026 15:49
388b04f9-817c-4b4d-9af4-2ae656ad2ea5,alcoholism.game,available,309.99,429.99,medium,low,10,namesilo,,,18/09/2026 04:06
80fcc498-a2f3-4431-b4a0-3e3026a7f3b1,mckean.game,available,279.65,341.75,medium,low,6,spaceship,,,30/09/2026 05:34
099ac21a-fb0b-490b-932b-1906dc72f7e2,aaron.game,premium,1729,1729,high,medium,5,namesilo,,,28/09/2026 16:56
c5936254-7fe6-4397-945d-ec83696ee9e9,tier.game,available,310.98,547.98,high,low,4,namecheap,,,30/09/2026 11:11
a619cbee-60f0-46b8-bce6-a4be5e1f75dd,alkaloidal.game,available,309.99,329.99,medium,low,10,namesilo,,,
260ebbbb-9c16-4e88-b5c3-72bb80c148fd,gail.game,available,310.98,547.98,high,low,4,namecheap,,,02/10/2026 10:01
59514893-4a90-4c95-95f8-78ca396fd096,forged.game,available,309.99,329.99,high,low,6,namesilo,,,18/08/2026 11:54
450ee297-5ad5-4932-9c5f-2664d97e82ae,pbs.game,available,309.99,429.99,high,low,3,namesilo,,,25/09/2026 09:49
26f84793-c425-4edc-be38-7280836221e5,disputed.game,available,309.99,329.99,medium,low,8,namesilo,,,14/08/2026 12:12
11935730-2330-47e2-b609-6511268a954e,aphelion.game,available,309.99,429.99,medium,low,8,namesilo,,,19/09/2026 16:55
3b95dc5d-f7e0-4c39-b28f-54114556fe72,filtration.game,available,279.65,341.75,high,low,10,spaceship,,,01/10/2026 19:32
a1c0fbb6-0173-4dfc-902d-cd6d7038fcfd,casteless.game,available,310.98,498,medium,low,9,namecheap,,,11/08/2026 20:25
24f90379-9752-48bc-a064-232de0338022,courts.game,available,310.98,547.98,high,low,6,namecheap,,,28/09/2026 03:42
5f21e800-e00c-4b49-979b-fb570d804b45,inventor.game,available,309.99,429.99,high,low,8,namesilo,,,20/09/2026 11:36
1d74c181-89e4-4ad0-a51b-17119167edf5,minto.game,available,279.65,341.75,high,low,5,spaceship,,,02/10/2026 20:21
c1c8a228-1e62-484e-8e3d-c90e8b45afcf,philip.game,available,309.99,429.99,high,low,6,namesilo,,,29/09/2026 17:06
245124d2-be7e-4715-bd30-5ed5cfd26e06,struggling.game,premium,1690,1690,medium,low,10,namecheap,,,10/09/2026 22:52
7ff310da-0d06-4d55-b219-3ccc547c9b80,swirl.game,available,300.2,300.2,high,low,5,cloudflare,,,02/10/2026 04:27
d708356f-5a85-4a98-9b30-83a0eef0d963,department.game,available,279.65,341.75,high,low,10,spaceship,,,29/09/2026 14:02
9c73dee5-1862-493c-a46a-feb51f1d80de,funeral.game,available,309.99,429.99,high,low,7,namesilo,,,25/09/2026 22:54
836a5d63-95a1-42de-923e-c9688c8d9107,separated.game,available,309.99,429.99,medium,low,9,namesilo,,,19/09/2026 04:08
ae11d59a-27fe-45a2-b8e5-3b5bcf30e875,passim.game,available,310.98,547.98,medium,low,6,namecheap,,,15/09/2026 19:07
0a61ed78-b51f-4cd0-af61-983f5c8ad508,cca.game,available,309.99,429.99,high,low,3,namesilo,,,29/09/2026 03:53
3dcfce0a-db8a-4550-98c9-4588f0378378,crass.game,available,309.99,329.99,medium,low,5,namesilo,,,13/08/2026 05:23
d9c13e0c-78ca-4d99-8d4f-c4176b591bf5,caption.game,available,309.99,429.99,high,low,7,namesilo,,,24/09/2026 12:41
49359524-5fb1-4363-9751-f8908bb0782a,airplanes.game,available,279.65,341.75,medium,low,9,spaceship,,,28/09/2026 22:55
67af4ae0-3454-426e-b211-31164f149ea2,hoff.game,available,279.65,341.75,medium,low,4,spaceship,,,29/09/2026 21:37
8043e9f5-7169-40ca-9d12-47c1d9f3d0f2,discounter.game,available,309.99,429.99,high,low,10,namesilo,,,02/10/2026 05:50
36890103-6e59-4454-b06d-f890ba842bbc,techy.game,available,309.99,329.99,medium,low,5,namesilo,,,22/08/2026 10:32
3db2abc1-a64f-4f89-9035-9aee7e40430e,miles.game,premium,1690,1690,high,low,5,namecheap,,,25/09/2026 17:17
2cdc248a-5402-45d1-9e00-8284f372e915,proud.game,available,309.99,429.99,high,low,5,namesilo,,,27/09/2026 07:46
94fccd6d-7822-4f33-b8ff-6f0689d7b233,triennial.game,available,309.99,429.99,medium,low,9,namesilo,,,11/09/2026 19:31
5071734e-8621-4a9e-a014-399d1ea5a127,riots.game,available,300.2,300.2,low,low,5,cloudflare,,,29/09/2026 05:50
46405b5c-711f-4d93-844d-95033b5575a2,homophonic.game,available,309.99,329.99,medium,low,10,namesilo,,,21/08/2026 13:06
4cce54ac-6edd-45aa-ae24-d306a7e58012,organisation.game,available,310.98,547.98,high,low,12,namecheap,,,29/09/2026 04:49
98e4f217-4067-4146-9377-73d7abce5a90,univalent.game,available,309.99,429.99,medium,low,9,namesilo,,,12/09/2026 14:00
78326d75-df49-4e87-bd41-0c2ab2c8e429,balance.game,premium,1690,1690,high,low,7,namecheap,,,27/09/2026 12:05
cb9965d5-2f09-48ad-aff3-4870a914e5d3,sidesaddle.game,available,309.99,429.99,medium,low,10,namesilo,,,16/09/2026 01:43
a6d1c837-de01-49fa-b94c-638ff2cc5c5c,misunderstood.game,available,300.2,300.2,medium,low,13,cloudflare,,,29/09/2026 02:48
9838c347-2b9c-4996-a7c7-f0abf7dbf87d,exceptions.game,available,279.65,341.75,low,low,10,spaceship,,,28/09/2026 23:04
29b43cbc-f9ff-4415-bce2-ca6082b01086,mystically.game,available,309.99,429.99,medium,low,10,namesilo,,,15/09/2026 15:58
f50acce7-a989-4e14-ab28-9b014097d881,fudge.game,available,309.99,429.99,high,low,5,namesilo,,,30/09/2026 09:49
7244c1aa-7131-402c-844e-4bd7d5b2bde4,bracer.game,available,310.98,547.98,medium,low,6,namecheap,,,20/09/2026 06:51
5d00b3dd-0652-4818-8888-b089c703273b,acid.game,premium,1625,1625,high,low,4,name.com,,,
09028f7d-3efe-4936-ace4-f31b16f9bc71,part.game,available,310.98,547.98,high,low,4,namecheap,,,15/09/2026 19:03
22fb394e-0861-44ef-af90-27ff35599944,fanged.game,available,309.99,329.99,medium,low,6,namesilo,,,17/08/2026 22:05
c16c5f88-568d-4c1c-a998-ad3354b591cf,ayatollah.game,available,309.99,429.99,high,low,9,namesilo,,,21/09/2026 10:36
dd3beef9-2bc8-4e6f-905a-c722ac6e7472,vargas.game,available,309.99,429.99,high,low,6,namesilo,,,27/09/2026 04:13
498d2954-f17d-4409-91d3-dfc9eff71419,focusing.game,available,310.98,547.98,high,low,8,namecheap,,,24/09/2026 13:33
bc3cbe10-daac-456b-a60c-905c704b8ab2,tremendous.game,available,309.99,329.99,high,low,10,namesilo,,,17/08/2026 09:48
a1be0996-a01b-4b0a-b76e-10035cbb6be7,nigga.game,available,310.98,547.98,high,medium,5,namecheap,,,01/10/2026 20:08
9a5f0f64-a076-44de-9127-3777dee911d6,contestants.game,available,310.98,547.98,high,low,11,namecheap,,,29/09/2026 11:30
826fa218-52e2-4af9-bf6d-ec12c6ac2926,cruelty.game,available,310.98,547.98,medium,low,7,namecheap,,,24/09/2026 19:49
c7d0ba86-1cb5-4305-b4a7-1d8e8a4c5ff8,johnstone.game,available,279.65,341.75,high,low,9,spaceship,,,27/09/2026 23:26
7b47bec2-331c-409f-b1ac-ed0bfcb5d51f,rabies.game,available,300.2,300.2,medium,low,6,cloudflare,,,29/09/2026 19:34
503052b1-eaeb-4548-8974-329112382c4d,reviewed.game,available,279.65,341.75,medium,low,8,spaceship,,,29/09/2026 05:52
b659e2c4-e31f-41ff-a760-d5060d18e14a,altruism.game,available,279.65,341.75,high,low,8,spaceship,,,28/09/2026 20:45
6d060bbb-70aa-45d3-b247-313550238e44,routines.game,available,309.99,429.99,medium,low,8,namesilo,,,30/09/2026 15:00
fa217996-86c6-4fb5-8a42-090a31b587b9,heracles.game,available,309.99,429.99,high,low,8,namesilo,,,18/09/2026 04:03
2b8c3d13-f249-4b93-9e7c-39709d1d3c46,naturalism.game,available,279.65,341.75,high,low,10,spaceship,,,29/09/2026 13:32
77f0ffed-e8aa-468c-a2a0-9c518cf618f5,shenyang.game,available,309.47,340.37,high,low,8,porkbun,,,02/10/2026 04:49
1f0aa31e-f41e-492c-9081-1e20677c2625,repulse.game,available,309.99,429.99,high,medium,7,namesilo,,,10/09/2026 12:48
305a912f-c434-4a4c-8044-9a6a0ca08311,front.game,available,309.99,429.99,high,low,5,namesilo,,,24/09/2026 21:48
d45dc037-0476-4f5b-8423-5bbfdf8b29c0,fibres.game,available,279.65,341.75,medium,low,6,spaceship,,,02/10/2026 11:53
080bcf0e-52e3-46af-a8a5-8392095e7085,macaulay.game,available,279.65,341.75,medium,low,8,spaceship,,,28/09/2026 14:12
626c10ca-9d96-4db3-828e-a3f5b0e22de5,genie.game,available,279.65,341.75,high,high,5,spaceship,,,30/09/2026 01:20
a02bbf99-66c0-4fd0-8b54-6830d5d8e407,fruitfully.game,available,310.98,547.98,medium,low,10,namecheap,,,14/09/2026 20:27
2241b53f-2224-4e02-868f-0d7e1ef97e73,visualised.game,available,309.99,329.99,medium,low,10,namesilo,,,17/08/2026 10:03
911e16c6-c6bf-4162-a22b-0f396a47bb52,baseless.game,available,309.99,329.99,medium,low,8,namesilo,,,08/08/2026 21:44
11d86d0c-4e14-4265-a356-2caad4c11cb7,winded.game,available,309.99,429.99,high,medium,6,namesilo,,,09/09/2026 06:29
488b891c-27c4-4c08-b3f4-2360ee690098,cynicism.game,available,310.98,547.98,medium,low,8,namecheap,,,24/09/2026 20:49
bf173a39-42d4-4461-bc8b-286357ef0f44,beefcake.game,available,309.99,429.99,medium,low,8,namesilo,,,23/09/2026 01:06
8c49c868-5c5c-47bc-96f7-777a03630ee9,griffiths.game,available,310.98,547.98,medium,low,9,namecheap,,,26/09/2026 03:40
6efa5464-842e-4fa3-b10d-cd837d68105f,boyle.game,available,349.99,619.99,high,low,5,name.com,,,25/09/2026 02:02
e0035cf1-cb29-43bd-a2e2-78878ae86621,noiseless.game,available,310.98,547.98,medium,low,9,namecheap,,,03/09/2026 18:13
931414b5-03a9-4d4c-ba82-f6418192e915,brat.game,available,279.65,341.75,high,low,4,spaceship,,,30/09/2026 08:49
e0fbfbd9-6500-4eeb-892e-cec5232fe9c2,provided.game,available,309.99,429.99,medium,low,8,namesilo,,,16/09/2026 09:17
edcec66d-1f0a-4452-9d13-97e8ce2ecc39,revenge.game,available,309.99,429.99,high,low,7,namesilo,,,25/09/2026 10:18
403e098a-9216-4257-a961-c187a0a00b88,stuck.game,available,310.98,547.98,medium,low,5,namecheap,,,28/09/2026 01:42
92149615-385d-4781-9d6f-5954d1320eca,hauling.game,available,309.99,429.99,high,low,7,namesilo,,,30/09/2026 01:50
75f11736-a7db-46aa-8de7-35a8c5ab029e,curriculum.game,available,309.99,353.32,high,low,10,dynadot,,,29/09/2026 06:26
636fe58f-6985-4d19-96b1-d23ccb390119,gripe.game,available,309.99,429.99,high,low,5,namesilo,,,23/09/2026 00:19
228332a0-c678-46b0-80a0-6abd8eefcb45,kris.game,available,279.65,341.75,high,medium,4,spaceship,,,30/09/2026 09:17
85d98338-8033-4a65-a54a-5ff486af83d1,quart.game,available,279.65,341.75,medium,low,5,spaceship,,,03/10/2026 00:31
597aad42-ca1c-4484-93da-0f604d37ab6f,aries.game,available,310.98,547.98,high,low,5,namecheap,,,20/09/2026 05:23
8bd5b2e3-082c-4d48-be7d-012f88b284f2,billed.game,available,310.98,498,high,low,6,namecheap,,,09/08/2026 21:23
2ca7736f-b35f-4b7f-8150-fb9b2518ecef,etiology.game,available,309.99,429.99,medium,low,8,namesilo,,,17/09/2026 13:48
ca6f44da-1a0c-435c-8e35-21db4366705e,capable.game,available,310.98,547.98,high,low,7,namecheap,,,21/09/2026 18:33
a8a77be7-4853-4b7c-aae1-a2587a22800b,plundered.game,available,309.99,329.99,medium,low,9,namesilo,,,24/08/2026 09:47
84f7d4a4-b2cd-455b-b4a5-7cd4adff177b,grows.game,available,309.99,429.99,medium,low,5,namesilo,,,27/09/2026 10:10
856b23d0-cbe6-4d8f-b6ac-12e84c22dd59,klamath.game,available,300.2,300.2,high,low,7,cloudflare,,,28/09/2026 06:07
34c5f4dc-1125-412b-b1d7-e93fd4660f30,azure.game,available,309.99,329.99,high,high,5,namesilo,,,08/08/2026 03:08
07e0a9d7-b7f9-4489-9484-904ab8f8cd7d,remainder.game,available,309.99,429.99,high,low,9,namesilo,,,09/09/2026 15:03
e9ef2152-d207-407b-95f0-2593e4295cd6,parkway.game,available,279.65,341.75,medium,low,7,spaceship,,,30/09/2026 10:48
32c15c9b-1ba7-4ad1-9a44-85d29ed05a2c,berks.game,available,309.99,429.99,medium,low,5,namesilo,,,29/09/2026 15:22
9b10dce7-9a25-4387-ac8f-6bc2082f8b00,hypocrite.game,available,310.98,547.98,medium,low,9,namecheap,,,08/09/2026 19:08
4422dbe3-a143-41d5-802e-59211ae4e712,translucent.game,available,310.98,547.98,high,low,11,namecheap,,,01/10/2026 22:29
064843df-c1c2-41d7-aa1a-5ed6ac46623d,apium.game,available,309.99,429.99,medium,low,5,namesilo,,,19/09/2026 17:32
1b938c25-4731-4709-a6fc-431e281cab56,amplification.game,available,300.2,300.2,medium,low,13,cloudflare,,,02/10/2026 21:27
96cfc52c-3a33-4720-9ace-f1a8650cb237,applier.game,available,310.98,547.98,medium,low,7,namecheap,,,19/09/2026 21:54
f39f25ac-38cd-4e31-a769-4de70313785d,quincy.game,available,309.99,429.99,high,low,6,namesilo,,,28/09/2026 10:11
31ef0be9-a7db-46bb-ae65-827320fbdaa7,charabanc.game,available,309.99,429.99,medium,low,9,namesilo,,,21/09/2026 05:58
719daf86-ac72-4cb2-9890-1d60faee1115,grating.game,available,310.98,498,medium,low,7,namecheap,,,20/08/2026 18:26
65d48719-2371-4f44-bc63-6512f8de3569,sanitarium.game,available,309.99,429.99,high,low,10,namesilo,,,02/10/2026 06:19
e0a000ca-935d-48b1-9579-5d6d9b576f02,beagle.game,available,310.98,547.98,high,low,6,namecheap,,,22/09/2026 19:37
cfa5c8e1-2e47-4e89-8afd-ad09df9f8b93,buyer.game,available,309.99,353.32,high,low,5,dynadot,,,29/09/2026 05:39
11d13fd2-0717-40b0-81b4-2f36c2c6501e,whyte.game,available,309.99,353.32,high,low,5,dynadot,,,29/09/2026 10:00
65bc8c16-10e6-40b0-91d4-0bdaf9ece8af,abjuration.game,available,309.99,429.99,medium,low,10,namesilo,,,16/09/2026 15:59
0d2f21cb-e26f-4fb7-9e87-f7c3017cc2d7,tux.game,available,309.99,429.99,high,low,3,namesilo,,,24/09/2026 01:52
4825d2a0-a7c2-4c04-9056-c70442a3645f,abrupt.game,available,309.99,329.99,high,low,6,namesilo,,,
69250e6b-c4c5-433a-8dfa-49214fadd0fc,fin.game,available,309.99,329.99,high,low,3,namesilo,,,
3139ed79-3c34-4bda-92f0-f6632b14e78a,rue.game,available,279.65,341.75,high,low,3,spaceship,,,30/09/2026 17:34
ce25ad06-9a53-4975-a969-2ceb8810d136,bathrooms.game,available,310.98,547.98,medium,low,9,namecheap,,,30/09/2026 07:24
26983606-2179-4039-bd7b-fa9a6842982b,ratio.game,available,310.98,547.98,high,low,5,namecheap,,,28/09/2026 15:13
f294d91f-2183-4e2d-b60e-df8439e0fa70,penetrate.game,available,309.99,429.99,high,low,9,namesilo,,,28/09/2026 09:30
aa4d0793-0ab6-4f12-ac65-cec2628ab850,pratt.game,available,309.99,429.99,high,low,5,namesilo,,,25/09/2026 12:12
d6114fec-d940-4b1d-8299-ab3389a9df6a,dna.game,available,309.99,429.99,high,medium,3,namesilo,,,29/09/2026 14:01
98bffc90-0a0d-4a12-ac4c-885d841f07ad,ncc.game,available,309.99,429.99,high,low,3,namesilo,,,30/09/2026 06:29
585aa883-51b4-47ea-b102-8d376c723854,apoptosis.game,available,310.98,547.98,medium,low,9,namecheap,,,19/09/2026 19:14
c2ad2da9-c7a1-4cde-94ba-0957dd97f4fd,intestines.game,available,279.65,341.75,low,low,10,spaceship,,,30/09/2026 22:51
3654de46-f205-4050-ad1a-1b882f323313,skew.game,available,309.99,429.99,high,low,4,namesilo,,,10/09/2026 09:26
40fffa54-72e7-46bf-941b-166aac6ffa62,backed.game,available,309.99,329.99,high,low,6,namesilo,,,08/08/2026 05:33
afdf17a0-02bc-4523-9ee6-5aa0a4c7cf2e,markoff.game,available,310.98,547.98,medium,low,7,namecheap,,,19/09/2026 04:18
118cb2da-6871-4bd3-8c5a-b01dd583d7ce,hempen.game,available,309.99,329.99,medium,low,6,namesilo,,,18/08/2026 03:20
042828f4-4230-4103-b953-2d2f99dd4c71,hidebound.game,available,309.99,329.99,medium,low,9,namesilo,,,21/08/2026 08:11
eebcc803-c7d4-4946-9b10-cbed3f021642,openly.game,premium,1690,1690,high,low,6,namecheap,,,15/09/2026 17:59
8bfcf9b6-8d30-4354-a00b-55d2f1eb09ce,channel.game,premium,1729,1729,high,low,7,namesilo,,,29/09/2026 08:01
f16da0af-6bf3-4690-b8a8-035b4b8262eb,baptisia.game,available,309.99,429.99,medium,low,8,namesilo,,,22/09/2026 03:24
2c63fec5-4502-419e-847a-0df10b379d10,cagey.game,available,309.99,329.99,medium,low,5,namesilo,,,11/08/2026 13:19
54e7b994-bdf6-40bd-965e-21ca505d6337,etiolate.game,available,309.99,329.99,medium,low,8,namesilo,,,17/08/2026 13:53
d39a803a-e028-4437-914b-84a2c21a1cb3,gambian.game,available,309.99,329.99,medium,low,7,namesilo,,,18/08/2026 19:48
842bffa7-0a97-4b8e-b569-1ee866b3baa6,steinberg.game,available,309.99,429.99,medium,low,9,namesilo,,,28/09/2026 10:52
24845c93-bcfc-49e8-97ef-d4db7dd2afd7,cso.game,available,279.65,341.75,high,low,3,spaceship,,,02/10/2026 21:32
5663422b-04b6-48dd-97e9-4b8d5c37e77f,adjustment.game,available,309.99,329.99,high,low,10,namesilo,,,18/08/2026 05:52
6359764c-7c39-499a-a2a1-5bdb6f866c21,communist.game,available,309.99,429.99,high,low,9,namesilo,,,23/09/2026 16:14
f9fc680d-96a5-4583-be0d-11c2a8a55ed2,ivy.game,available,309.99,353.32,high,low,3,dynadot,,,29/09/2026 10:26
457d6303-fe93-47a4-a1d0-ffff543526be,duchess.game,available,309.99,429.99,high,low,7,namesilo,,,29/09/2026 16:59
9a678a2b-42ed-4770-a491-2faf7c0b3848,controversial.game,available,279.65,341.75,medium,low,13,spaceship,,,01/10/2026 04:00
6873d42d-f329-4c7c-a864-2af3bbccd46a,females.game,available,310.98,547.98,medium,low,7,namecheap,,,18/09/2026 19:27
27888a17-8e1b-447b-a399-185f027544ba,epidermal.game,available,349.99,616.99,medium,low,9,name.com,,,13/08/2026 13:06
c383f1bc-09e8-4ea8-8bf7-7c4a3fed7d5c,apropos.game,available,309.99,329.99,high,low,7,namesilo,,,06/08/2026 10:00
1160e922-f61c-44df-b61f-043a41f468c5,kidd.game,available,279.65,341.75,high,low,4,spaceship,,,28/09/2026 01:23
0af5cc2b-abb5-47c6-909d-a5cd7308255e,corresponding.game,available,279.65,341.75,medium,low,13,spaceship,,,01/10/2026 19:34
e43954cb-5e66-4887-8529-57d151853c85,qat.game,available,309.99,429.99,medium,low,3,namesilo,,,17/09/2026 15:24
82fbee6e-945d-4056-b42a-2cbccef5c614,profligate.game,available,349.99,616.99,medium,low,10,name.com,,,13/08/2026 20:24
108797e2-f427-407b-8e2a-809d5f632134,opens.game,available,310.98,547.98,medium,low,5,namecheap,,,18/09/2026 23:02
8e116530-6601-4d26-8685-2f6a055d6ae6,destitute.game,available,309.99,329.99,medium,low,9,namesilo,,,14/08/2026 04:32
a568d5ea-c10f-4402-930d-63eb5274e956,specimen.game,available,279.65,341.75,high,low,8,spaceship,,,28/09/2026 03:06
6930155f-b85d-4199-8d06-bdd911c8e846,vega.game,available,309.99,429.99,high,medium,4,namesilo,,,29/09/2026 07:30
56453844-7282-4106-a109-b7243cdbfe77,mere.game,available,310.98,547.98,high,low,4,namecheap,,,25/09/2026 19:33
4a8d7013-faaf-4d7b-9c71-bf4062a1490c,outfitted.game,available,310.98,547.98,high,low,9,namecheap,,,04/09/2026 19:24
4e6d3ca1-7841-471a-af57-f260b5831a14,valenzuela.game,available,279.65,341.75,medium,low,10,spaceship,,,02/10/2026 10:09
03b0cb47-2cf7-4017-9ae4-8b57f939d53d,prophet.game,available,279.65,341.75,high,low,7,spaceship,,,28/09/2026 02:52
cc899964-d394-4531-8def-2117e16f521d,darfur.game,available,279.65,341.75,medium,low,6,spaceship,,,30/09/2026 01:45
0f31fc78-1248-45eb-9f6f-65c033da4b49,scent.game,available,309.99,429.99,high,low,5,namesilo,,,20/09/2026 08:28
ef4e6e7a-c968-4d7a-b9df-57d53002bc75,obtaining.game,available,300.2,300.2,low,low,9,cloudflare,,,30/09/2026 23:25
41d43416-aea3-4fe1-b62e-035ce7bd10a3,carried.game,available,309.99,429.99,medium,low,7,namesilo,,,25/09/2026 17:00
d4b75f0f-28fe-468f-87b2-12072494aeb8,lxiii.game,available,309.99,329.99,medium,low,5,namesilo,,,
b1347637-d719-4d2b-a85a-ec861575d9e5,peeved.game,available,309.99,329.99,medium,low,6,namesilo,,,
95abe30d-73d2-48f6-8a71-73ccacdeedd4,capsulate.game,available,310.98,498,medium,low,9,namecheap,,,11/08/2026 18:10
62a9967f-c054-44c2-b759-cd131496750b,arsenal.game,premium,1729,1729,high,low,7,namesilo,,,20/09/2026 09:36
8aa4a5c9-b2de-4b31-8f6e-ebd0646f6173,imitate.game,available,279.65,341.75,high,low,7,spaceship,,,29/09/2026 14:14
626cce8c-cf62-4284-a66c-47f76653bf66,anchor.game,available,309.99,429.99,high,medium,6,namesilo,,,19/09/2026 03:39
6399fe51-c4dd-470f-a7b0-92c7fe7028bc,tempered.game,available,309.99,429.99,high,low,8,namesilo,,,11/09/2026 10:50
248e751d-7ee1-4ef7-90b1-40463dab1a21,splendidly.game,available,309.99,429.99,medium,low,10,namesilo,,,14/09/2026 16:44
b487fa23-064c-4038-83fc-b6be885b33ab,milne.game,available,309.99,429.99,medium,low,5,namesilo,,,16/09/2026 12:53
4d64adc9-4c22-411f-ae23-f27e7c241472,acl.game,available,309.99,429.99,high,low,3,namesilo,,,29/09/2026 03:18
dda9a0d2-85bd-475e-87ee-d9ff9beada85,youths.game,available,699.99,699.99,medium,low,6,godaddy,,,01/10/2026 00:09
b37ebc2c-188c-4a6e-8dfb-9bedc489fd10,luce.game,available,279.65,341.75,high,low,4,spaceship,,,30/09/2026 09:11
3b25a50e-2b95-4193-84fd-c5b762e369a5,rings.game,available,309.99,429.99,high,low,5,namesilo,,,25/09/2026 10:24
c6a32fcf-3361-45e7-9285-ef460a31e6a2,clues.game,available,309.99,429.99,medium,low,5,namesilo,,,28/09/2026 05:05
ff0c20c3-6696-4b81-802a-57c9e402d857,cramp.game,available,309.47,340.37,medium,low,5,porkbun,,,30/09/2026 16:50
0b7e07e5-f42d-4d99-9b93-f8ae8a336f31,acarpous.game,available,309.99,329.99,medium,low,8,namesilo,,,
9d2bcf56-a5cc-4196-8611-3ee1e9fb45ac,dio.game,available,309.99,353.32,medium,low,3,dynadot,,,29/09/2026 09:47
4adf489d-bb64-4b94-b505-b4a5899c7500,fresh.game,premium,1690,1690,high,medium,5,namecheap,,,23/09/2026 01:54
0925ca98-453c-49cb-b76c-8a06594cc85e,rbc.game,premium,1345.7,1345.7,high,medium,3,spaceship,,,30/09/2026 01:33
4e1358dc-9936-4a10-b9c4-dc14ac7f3f03,tits.game,available,279.65,341.75,high,low,4,spaceship,,,29/09/2026 21:14
673a941f-2363-4a16-b407-76735270dd13,spastic.game,available,309.99,329.99,medium,low,7,namesilo,,,13/08/2026 00:06
2340dee6-71af-4159-9068-8c0184fd4f3c,shortfall.game,available,309.47,340.37,high,low,9,porkbun,,,29/09/2026 13:34
8cbbd37e-92af-4ddf-9d00-2f4fc9fd5632,hoover.game,available,300.2,300.2,high,low,6,cloudflare,,,30/09/2026 17:36
a2122687-84f8-4d6a-aeb8-1975409ed5da,standards.game,available,309.99,429.99,medium,low,9,namesilo,,,27/09/2026 22:53
a4d3b10e-3755-49eb-b32c-c16216489c34,supine.game,available,309.99,429.99,medium,low,6,namesilo,,,09/09/2026 15:27
979227bc-3884-4f10-8f56-8cb426f6cdbe,credal.game,available,309.99,329.99,medium,low,6,namesilo,,,13/08/2026 05:52
f0aa0703-3efb-4da0-b568-bb2a2be6768b,shaky.game,available,279.65,341.75,medium,low,5,spaceship,,,27/09/2026 14:56
5ba24fbf-f86c-4a82-a5c6-3481a281d037,beaten.game,available,309.99,329.99,medium,low,6,namesilo,,,09/08/2026 05:47
f8d79609-918d-4b18-a278-a3f351c3726d,equid.game,available,309.99,329.99,medium,low,5,namesilo,,,17/08/2026 11:47
a14c6571-0557-441d-a253-9053f8008189,comforting.game,available,309.99,329.99,high,low,10,namesilo,,,12/08/2026 03:43
dab7d102-1d10-4b6c-9700-341d7dc80f4a,grumble.game,available,310.98,498,high,low,7,namecheap,,,20/08/2026 20:38
16de7e4e-3a15-4ee8-b82c-4cb14a25c229,judd.game,available,310.98,547.98,medium,low,4,namecheap,,,27/09/2026 07:52
a2b7fdaf-124c-46d3-a251-17d56cdc8bb4,ablaut.game,available,309.99,429.99,medium,low,6,namesilo,,,16/09/2026 16:06
64405da7-5f11-4c3a-8f42-6638d8e023b8,sadness.game,available,309.99,429.99,high,low,7,namesilo,,,30/09/2026 03:34
c32a7ec6-49e6-4620-9b10-2238c2ae8af1,ceaseless.game,available,309.99,329.99,high,low,9,namesilo,,,11/08/2026 23:01
746d0c84-52b6-4728-994a-3d2b4d54ce16,dissimilar.game,available,309.99,329.99,medium,low,10,namesilo,,,14/08/2026 12:48
719d24f1-24dd-4796-b7a1-827273104839,detecting.game,available,309.99,429.99,high,low,9,namesilo,,,29/09/2026 14:14
3e062b25-2851-4e3b-8927-f86d7ddf98c7,refrain.game,available,279.65,341.75,high,low,7,spaceship,,,28/09/2026 20:16
13e9d1da-98f6-460f-a30d-b60005cbc886,remembers.game,available,300.2,300.2,medium,low,9,cloudflare,,,28/09/2026 00:17
47a1027c-12b5-48d9-aa94-0c406b63137e,replies.game,available,309.99,429.99,medium,low,7,namesilo,,,18/09/2026 09:15
33fbd6de-2b8b-4d51-a031-ba4e65180d3b,cashable.game,available,310.98,498,medium,low,8,namecheap,,,11/08/2026 20:12
da1f8b12-bcde-4a76-8c9d-a23cb92b3056,bursting.game,available,309.99,429.99,high,low,8,namesilo,,,30/09/2026 12:02
268d6bb0-bd64-4a54-845c-99f3916d5d78,booby.game,available,309.99,429.99,high,low,5,namesilo,,,02/10/2026 23:39
5919df61-ca84-4bb0-8b60-e8d25b55e142,trustful.game,available,310.98,547.98,high,low,8,namecheap,,,11/09/2026 20:45
3ab7dac6-c5e6-48e4-801b-1fd2d833b33a,gallic.game,available,309.99,329.99,medium,low,6,namesilo,,,18/08/2026 15:02
7b9877f9-c572-4069-8bd2-96854bc291dd,ticker.game,available,309.47,340.37,high,low,6,porkbun,,,02/10/2026 16:51
7ad89dc3-0c0b-44b9-82fe-fc9efe3b8832,aborigine.game,available,309.99,329.99,medium,low,9,namesilo,,,
61e7ccf8-f283-4862-b9f6-cbb4412a6ba6,preparatory.game,available,310.98,547.98,high,low,11,namecheap,,,02/10/2026 11:28
320df1e1-96f9-42ef-90fe-f8c00d656c7f,gunrunner.game,available,309.99,429.99,medium,low,9,namesilo,,,20/09/2026 07:45
cb3aec8b-354c-4ec1-a0f5-ef758a9f56d4,ibanking.game,available,309.99,429.99,medium,low,9,namesilo,,,20/09/2026 00:37
acaa0f75-96bc-44fe-b5ed-46b8300a0450,alas.game,available,309.99,429.99,high,low,4,namesilo,,,13/09/2026 18:37
a6d4c799-45fd-475a-b152-adeae42d2ed1,flameproof.game,available,309.99,329.99,high,low,10,namesilo,,,18/08/2026 06:28
d4a7b371-c5cd-4fce-8376-6e142c73ab55,caen.game,available,279.65,341.75,medium,low,4,spaceship,,,29/09/2026 09:32
a8c8a60d-3320-40ae-aa63-3cf5733a5587,hippo.game,available,310.98,547.98,high,low,5,namecheap,,,02/10/2026 15:43
1a71082d-efe5-47ef-b2ba-dc9b46bde861,loveable.game,available,309.99,329.99,high,low,8,namesilo,,,24/08/2026 10:07
9f9fc3ed-15f3-41cb-91b6-c27e561887b7,screwball.game,available,309.99,329.99,medium,low,9,namesilo,,,20/08/2026 22:30
eab41e5a-ae45-4bb4-9065-de99acba5169,flippant.game,available,309.99,329.99,medium,low,8,namesilo,,,18/08/2026 08:32
63f805d9-e328-4e8c-848e-c4c5751ae2ab,clients.game,available,310.98,547.98,high,low,7,namecheap,,,02/10/2026 22:03
1c0ce50b-7577-41d2-a86f-8b8bbfdbac7b,yeoman.game,available,309.99,429.99,medium,low,6,namesilo,,,23/09/2026 01:07
304fc0a4-fe91-4813-b8fa-00f1a8944873,halley.game,available,699.99,699.99,medium,low,6,godaddy,,,30/09/2026 01:28
66b4087e-7635-4afd-951d-906938567eb7,westward.game,available,309.99,429.99,medium,low,8,namesilo,,,13/09/2026 10:55
c4eda2c8-1c83-45f2-9826-5037f02d747d,fusible.game,available,310.98,498,medium,low,7,namecheap,,,18/08/2026 19:06
2ea670ea-acc9-4517-8bc0-56abbdc08321,impeccably.game,available,309.99,429.99,medium,low,10,namesilo,,,15/09/2026 02:11
973236c2-74de-4a54-b729-774ee214935e,catholics.game,available,310.98,547.98,medium,low,9,namecheap,,,19/09/2026 20:28
109a128f-0300-42b6-baaa-0daf61426ea3,achondrite.game,available,310.98,547.98,medium,low,10,namecheap,,,17/09/2026 00:54
85157ca1-406c-47b5-8167-dc14cb215c4f,caffeine.game,available,309.99,429.99,high,low,8,namesilo,,,24/09/2026 11:38
286faa36-851d-44e0-b37c-62431008259f,gabriele.game,available,300.2,300.2,medium,low,8,cloudflare,,,30/09/2026 21:12
7ef1eea1-6adc-4cd2-b923-0e817e483c55,baldhead.game,available,309.99,429.99,medium,low,8,namesilo,,,21/09/2026 21:41
c9af1680-de3a-4f55-b461-666ce78d4a90,incentive.game,available,309.99,353.32,high,low,9,dynadot,,,29/09/2026 23:44
b610bc6f-1f76-4660-a16b-8c581395057d,tennessee.game,available,279.65,341.75,high,low,9,spaceship,,,28/09/2026 11:00
58b6f8bc-5d19-49bd-9c3c-c0cb6dc8f889,debonaire.game,available,309.99,329.99,medium,low,9,namesilo,,,12/08/2026 05:59
a7e25b1b-cc23-4f1a-b332-db19c2018be7,verbal.game,available,309.99,429.99,high,low,6,namesilo,,,28/09/2026 10:13
8e9e1b77-b922-41df-9762-52a50729e041,prostyle.game,available,309.99,429.99,medium,low,8,namesilo,,,09/09/2026 04:01
b5c8b5d7-61da-49ad-b6b1-aab3fab483f7,grapefruit.game,available,309.99,429.99,high,low,10,namesilo,,,24/09/2026 15:09
c71fe914-afbf-480c-a145-b8b56fe5c9ef,narrative.game,available,309.99,429.99,high,low,9,namesilo,,,03/09/2026 13:16
9c81b402-7b2c-40e4-8459-90ae9aa9cfe1,circulatory.game,available,309.99,353.32,high,low,11,dynadot,,,03/10/2026 03:21
a8650997-2f4d-4fa4-a634-62a105af9a1b,ridley.game,premium,1345.7,1345.7,high,low,6,spaceship,,,30/09/2026 02:43
29fb7275-7130-416f-83cc-11fcace77bf9,trough.game,available,279.65,341.75,high,low,6,spaceship,,,30/09/2026 17:31
2afbba88-29b6-4b49-9731-e3ac894b8a4b,procurable.game,available,309.99,329.99,medium,low,10,namesilo,,,18/08/2026 23:08
3a71e5dc-7d2f-450b-81b6-1e4b7b716eb3,surefooted.game,available,309.99,329.99,high,low,10,namesilo,,,18/08/2026 10:50
c550978d-2e11-4123-97ef-674dc0e728e7,atp.game,available,300.2,300.2,high,low,3,cloudflare,,,28/09/2026 18:27
85362cab-bba9-4d62-b54e-0f69991ce3c4,baring.game,available,309.99,429.99,medium,low,6,namesilo,,,22/09/2026 06:03
cc1a287d-e038-468b-baff-cdd5501fa19d,agincourt.game,available,310.98,547.98,high,low,9,namecheap,,,17/09/2026 17:59
ef800934-66be-47a8-a46e-ff0b7af08cc3,ole.game,available,309.99,429.99,high,low,3,namesilo,,,01/10/2026 21:54
c991ad11-435b-470a-b7fa-41611dc4999f,propensity.game,available,309.99,329.99,high,low,10,namesilo,,,22/08/2026 22:09
91124a7f-c942-488b-8121-220e32476cce,incriminating.game,available,309.99,429.99,medium,low,13,namesilo,,,02/10/2026 17:43
cb11141a-8562-4767-8e51-6d8c7094810f,tearless.game,available,310.98,498,medium,low,8,namecheap,,,14/08/2026 20:31
08b44672-039b-4f86-8114-bf500c49c2b5,wales.game,available,309.99,429.99,high,low,5,namesilo,,,29/09/2026 06:12
90eb19cc-19bf-411d-9a44-538d5b98ed84,economist.game,available,279.65,341.75,high,low,9,spaceship,,,02/10/2026 14:57
d9f7c87a-3c35-4a3d-b490-e5876c75ca5b,peasants.game,available,309.99,429.99,low,low,8,namesilo,,,28/09/2026 23:24
3b719820-798d-4777-9c3c-bd6608864c88,revive.game,available,309.99,429.99,high,low,6,namesilo,,,29/09/2026 02:45
0d97fbd6-f8e5-4a33-a3d0-dd9981739569,touchdown.game,available,279.65,341.75,high,low,10,spaceship,,,28/09/2026 20:40
b00fe7aa-9e2a-4cf0-a688-a7f1f060e9b6,kennel.game,available,309.99,353.32,high,low,6,dynadot,,,01/10/2026 19:15
220d46bf-28e9-4e99-a959-551947579393,scorned.game,available,309.99,329.99,medium,low,7,namesilo,,,14/08/2026 04:16
548e6415-863c-4077-bb4e-5c0a7f396c22,seemingly.game,available,310.98,547.98,medium,low,9,namecheap,,,13/09/2026 20:24
0af4f86e-965d-454c-8088-a0c62e8d5593,anglerfish.game,available,310.98,547.98,medium,low,10,namecheap,,,18/09/2026 11:41
40bba2e2-945d-4a1b-ba68-8343a8fefe41,primordium.game,available,309.99,429.99,medium,low,10,namesilo,,,19/09/2026 09:53
06a33574-a235-48d1-9ada-cf6da3f0c2ed,armageddon.game,available,310.98,547.98,high,low,10,namecheap,,,20/09/2026 06:29
0086bfbb-a5dc-4b74-89f0-c7baa26761e7,understand.game,available,300.2,300.2,high,low,10,cloudflare,,,30/09/2026 18:59
5b24400d-2620-4de0-ac1c-6ddbbbe27253,afrl.game,available,309.99,429.99,medium,low,4,namesilo,,,17/09/2026 15:27
9742f373-cb47-44e7-ac0f-a8d3b52a5fae,fumes.game,available,309.99,429.99,high,low,5,namesilo,,,30/09/2026 01:34
5113d083-7749-48a7-a315-541ee90a8e75,hangs.game,available,279.65,341.75,low,low,5,spaceship,,,28/09/2026 08:56
34588897-cf7d-4fb3-89d6-d08e50f9df26,drycleaning.game,available,309.99,429.99,high,low,11,namesilo,,,21/09/2026 04:39
d59d950b-c4fa-48b9-aaee-677eebd5a367,snidely.game,available,309.99,429.99,low,low,7,namesilo,,,16/09/2026 03:18
a0a0d363-deab-40e4-ae7d-1d1c6a19a74c,orrin.game,available,279.65,341.75,high,low,5,spaceship,,,02/10/2026 20:08
b396fc31-0971-4217-9be7-84c4ec0c4c8a,stale.game,available,310.98,547.98,medium,low,5,namecheap,,,10/09/2026 18:24
bfedb719-b6ac-4a3f-a1dc-bac6de063f78,nourish.game,available,310.98,547.98,high,low,7,namecheap,,,18/09/2026 07:58
826b241c-dd35-4b69-9440-63c93e8d3de4,monegasque.game,available,309.99,329.99,medium,low,10,namesilo,,,25/08/2026 04:03
c70f2afa-da55-4a8e-a521-96ee869c499a,brighton.game,available,349.99,619.99,high,low,8,name.com,,,24/09/2026 10:19
021bd169-e99a-4220-b1e4-ce4f3af46d2c,guest.game,available,309.99,429.99,high,low,5,namesilo,,,29/09/2026 17:42
77bd34fc-8492-419b-8177-a12593f912d6,vitalizing.game,available,309.99,329.99,medium,low,10,namesilo,,,23/08/2026 01:35
928b74ca-4386-4ee9-a3a4-4d802da10065,foolproof.game,available,309.99,329.99,high,low,9,namesilo,,,18/08/2026 10:37
e5be25d9-1339-479a-8b42-32420ae1f3b7,downmarket.game,available,310.98,498,medium,low,10,namecheap,,,14/08/2026 17:48
638452ca-178c-489d-ac76-026bd79dcbf5,threat.game,available,279.65,341.75,high,low,6,spaceship,,,30/09/2026 04:17
c3555b59-6d36-43b0-9d5c-3d6d91acda63,bevin.game,available,309.99,429.99,medium,low,5,namesilo,,,23/09/2026 12:05
9e6b868b-93a6-4e0e-bffb-d5cc720a1704,lobbying.game,available,279.65,341.75,high,low,8,spaceship,,,02/10/2026 18:31
abc6033f-4f71-4496-9198-58abb62dcb66,contributors.game,available,309.99,429.99,medium,low,12,namesilo,,,02/10/2026 22:30
30719d8f-e9d5-4757-b4c5-8390633eeccb,breast.game,available,309.99,429.99,high,low,6,namesilo,,,24/09/2026 08:29
34f5b0ac-d0bf-4d0e-bcae-0fbd51550007,importance.game,available,309.47,340.37,high,low,10,porkbun,,,29/09/2026 21:24
a2631c90-446b-46a3-be55-42809666aff2,predatory.game,available,309.99,329.99,medium,low,9,namesilo,,,24/08/2026 15:43
7e4e510f-10f5-4833-9460-8d722d97f2a2,acrophobia.game,available,310.98,547.98,medium,low,10,namecheap,,,17/09/2026 03:53
a88bf4e8-5740-4106-a2ed-529191cdaaff,pathology.game,available,309.99,429.99,medium,low,9,namesilo,,,29/09/2026 01:49
d6ecfcdb-bcee-4db9-a81a-03aa02640bc5,attributions.game,available,279.65,341.75,medium,low,12,spaceship,,,01/10/2026 17:31
06b54721-b5ad-4c57-928d-7e5ac0dc3a2b,bore.game,available,309.99,429.99,high,low,4,namesilo,,,24/09/2026 12:50
e69294b8-99f5-407e-9245-446fece338e7,promoters.game,available,310.98,547.98,medium,low,9,namecheap,,,02/10/2026 14:13
291ecfce-b6a2-430e-b3df-c19298ee21a8,loom.game,available,310.98,547.98,high,low,4,namecheap,,,02/10/2026 15:45
a328bed1-a3ef-4453-8f53-7bc31aee3fc1,retire.game,available,309.99,429.99,high,low,6,namesilo,,,30/09/2026 10:08
7cecfe10-8a27-4b6c-abfe-6d3de23c1789,benedict.game,available,309.99,429.99,high,low,8,namesilo,,,23/09/2026 07:52
790b105a-e30b-40bd-875d-e74aed7ea6e2,worst.game,available,279.65,341.75,medium,low,5,spaceship,,,28/09/2026 10:59
cc073363-a384-45fd-8813-12450c1acebb,cannonball.game,available,300.2,300.2,high,low,10,cloudflare,,,02/10/2026 23:50
0e6c53e7-1e22-4886-ad06-f40b453f6ff6,hydroxy.game,available,309.99,329.99,medium,low,7,namesilo,,,21/08/2026 16:25
a98c322c-4c30-465f-af0d-16b0f6c63b7c,concentric.game,available,310.98,498,high,low,10,namecheap,,,12/08/2026 19:57
251fb077-491d-4121-865c-58a3c504dd08,grenadines.game,available,309.99,429.99,high,low,10,namesilo,,,02/10/2026 00:31
2037cb1d-0ddc-461a-8c41-50b6aa462f5b,machines.game,available,309.47,340.37,high,low,8,porkbun,,,01/10/2026 04:58
6e3860b0-a4b6-4199-b1ad-8d54aaecad37,gout.game,available,309.99,429.99,medium,low,4,namesilo,,,03/10/2026 01:01
566a6125-1598-44c4-b7b9-35794ca040b1,heraldic.game,available,309.99,329.99,medium,low,8,namesilo,,,21/08/2026 06:53
a4cf77b0-bec7-4b15-a0a1-51b89a2e6777,hammered.game,available,309.99,329.99,medium,low,8,namesilo,,,20/08/2026 22:59
daf8e696-56c8-407d-bf69-c87b13025e5e,indictment.game,available,309.99,429.99,medium,low,10,namesilo,,,23/09/2026 16:05
e901f31e-67fc-4bd2-bc2a-1801dc14ad08,excruciating.game,available,310.98,547.98,high,low,12,namecheap,,,03/10/2026 02:50
d9169091-edc5-44dd-8ad4-7c91a14e069f,usefulness.game,available,310.98,547.98,high,low,10,namecheap,,,30/09/2026 19:05
58bb3960-41c2-48f8-9af2-7b4af499ac9f,flies.game,available,309.99,429.99,high,low,5,namesilo,,,25/09/2026 06:05
90191bd8-8a68-44b7-9cf6-cde7f0703932,ashtray.game,available,309.99,429.99,high,low,7,namesilo,,,20/09/2026 14:02
d9d256f8-299d-432e-91b4-a24c023d7f43,thoracic.game,available,309.99,429.99,medium,low,8,namesilo,,,08/09/2026 12:02
31e87f1c-16ec-49ac-bdfa-7a654f91eda6,shaver.game,available,309.99,329.99,medium,low,6,namesilo,,,25/08/2026 00:03
d0059e96-3a97-49de-9deb-20cf8f71321d,accusing.game,available,,,medium,low,8,,,,
89ce2937-fa1f-44ee-a5d6-a61e63cd6a21,aniseed.game,available,310.98,547.98,high,low,7,namecheap,,,19/09/2026 09:27
f85d2d94-a6f7-43f5-8e43-5d97a616d1d8,roundabout.game,available,279.65,341.75,medium,low,11,spaceship,,,02/10/2026 17:46
4a5e75d9-dfe5-421c-abac-7db600e72a75,maddening.game,available,309.99,329.99,medium,low,9,namesilo,,,17/08/2026 15:55
e3a5d420-c0ca-4b19-8799-482f3d762b86,stupidly.game,available,309.99,429.99,medium,low,8,namesilo,,,14/09/2026 13:43
b9855812-da9c-49be-b10a-8a17c97867b8,hexagonal.game,available,309.99,329.99,medium,low,9,namesilo,,,21/08/2026 07:50
2f633fd0-6a52-426a-bc96-23ae05f4b538,formed.game,available,309.99,329.99,high,low,6,namesilo,,,18/08/2026 12:09
11303a2f-4a6e-4587-bb71-56ade9873b05,what.game,premium,1729,1729,high,medium,4,namesilo,,,30/09/2026 22:04
4a3efcf4-4f0e-47cd-8c59-5ba1bd035c6c,americans.game,available,309.99,429.99,medium,low,9,namesilo,,,08/09/2026 06:41
6d9780b1-ea07-4d33-97d1-a4bf99da8486,barde.game,available,309.99,429.99,medium,low,5,namesilo,,,22/09/2026 05:12
63748fce-c93e-452a-8ce3-7c689efb8998,sartre.game,available,309.99,429.99,high,low,6,namesilo,,,29/09/2026 07:22
1b76a4a1-1d62-41c8-bae1-fd68eea80e21,apocryphal.game,available,309.99,329.99,high,low,10,namesilo,,,06/08/2026 01:11
d5c5a2ae-03d0-4de3-8bc2-d5c5681dcfd1,divinely.game,available,309.99,429.99,medium,low,8,namesilo,,,14/09/2026 13:27
deac63f0-2912-4c15-9c33-32b5829360c4,unrest.game,available,279.65,341.75,high,low,6,spaceship,,,30/09/2026 01:36
e5da9bd0-4662-4425-80d8-a3fa8fd0819b,petal.game,available,310.98,547.98,high,low,5,namecheap,,,02/10/2026 04:53
59338ca8-8b94-4147-a855-282f03258ceb,jamal.game,available,309.99,429.99,medium,low,5,namesilo,,,29/09/2026 03:56
8a9c78ed-effc-403e-85b1-c0ae3c0f27f3,sql.game,available,309.99,429.99,high,low,3,namesilo,,,28/09/2026 04:28
11eada47-a731-4762-bcf8-d879553306c3,grandchild.game,available,279.65,341.75,high,low,10,spaceship,,,29/09/2026 21:23
5c188744-d212-43a5-9025-a5b78574017d,eclectic.game,available,309.99,329.99,high,low,8,namesilo,,,14/08/2026 23:43
af8231e3-812f-43a5-b964-4387d4004aff,bogdan.game,available,279.65,341.75,high,low,6,spaceship,,,01/10/2026 23:51
f76a9710-34f6-4a69-9e65-4b5af13d87c2,aggregate.game,available,309.99,329.99,high,low,9,namesilo,,,
9857d967-fee0-47e2-bb64-28184b668d67,implied.game,available,309.99,429.99,high,low,7,namesilo,,,30/09/2026 22:53
2ebd1ef9-260b-4a68-8d32-05039bcc76a7,mentality.game,available,309.99,429.99,medium,low,9,namesilo,,,29/09/2026 06:09
c8d5a99b-0c38-4712-8e37-4cdf32f574a4,slows.game,available,300.2,300.2,medium,low,5,cloudflare,,,02/10/2026 02:13
a978ec2b-fc80-42a8-8369-e10112d7788d,cwa.game,available,309.99,429.99,medium,low,3,namesilo,,,29/09/2026 22:10
14ab1940-2a49-4c3b-b9ab-aa048ff9eb9d,carve.game,available,349.99,616.99,high,low,5,name.com,,,13/08/2026 12:51
c84c8048-c3cc-4bac-9460-277145ba9129,farnborough.game,available,310.98,547.98,medium,low,11,namecheap,,,02/10/2026 20:35
9dd20aad-6c99-4b0f-98e7-87bec8489f8f,brainwash.game,available,309.99,429.99,high,low,9,namesilo,,,30/09/2026 16:18
992421bd-e27a-4d88-9144-4ca04de5a750,hooked.game,available,309.99,429.99,high,low,6,namesilo,,,22/09/2026 07:30
131ba267-bb93-447b-99d7-0c021320267e,allowable.game,available,309.99,329.99,high,low,9,namesilo,,,
c1e864fa-7775-4988-bc5e-00e0712d3f6c,renounce.game,available,309.99,353.32,high,low,8,dynadot,,,29/09/2026 14:11
e8752429-9d1b-48fa-9740-25cdebd00840,pyloric.game,available,309.99,429.99,high,medium,7,namesilo,,,09/09/2026 06:52
c1191e40-99b3-4814-9799-5e8c5a9010d0,premier.game,premium,1690,1690,high,low,7,namecheap,,,27/09/2026 04:55
a9c8699a-a09d-40bf-9d7a-4a9691d28361,olivia.game,available,279.65,341.75,high,low,6,spaceship,,,28/09/2026 07:43
0827123d-5ea0-4e05-8574-4e226b46723d,camomile.game,available,309.99,429.99,medium,low,8,namesilo,,,19/09/2026 13:02
ec49d5b3-5e7b-4c8a-b2cc-5f6cdb3f1828,cloze.game,available,309.99,329.99,medium,low,5,namesilo,,,12/08/2026 12:54
fec94b15-d640-4603-8264-756233de8880,kathy.game,available,300.2,300.2,high,low,5,cloudflare,,,27/09/2026 19:14
3ae23672-e231-41e6-bc71-89f6f9148384,janet.game,available,309.99,429.99,high,low,5,namesilo,,,25/09/2026 13:29
743c7f3a-1d04-4dcf-ba11-e4ba0b94ecd2,defences.game,available,279.65,341.75,medium,low,8,spaceship,,,01/10/2026 17:58
64e04688-d9f7-458d-8516-c681ba9ddb03,moustaches.game,available,309.99,429.99,medium,low,10,namesilo,,,20/09/2026 09:53
f8e2f509-5312-4121-9059-bcc8c3e3b3e6,longfellow.game,available,309.47,340.37,medium,low,10,porkbun,,,29/09/2026 01:16
7ccca1b8-6898-4db7-8697-6befc86fa495,assaults.game,available,309.99,429.99,medium,low,8,namesilo,,,30/09/2026 16:01
e4465151-a083-4778-bbbf-274aaca63f42,gibber.game,available,309.99,429.99,medium,low,6,namesilo,,,23/09/2026 23:36
2a49c1c0-22b0-4f7b-971b-315beaf8d993,adps.game,available,310.98,547.98,medium,low,4,namecheap,,,17/09/2026 09:53
83e68f10-479e-4819-93ad-2983550d5094,comparable.game,available,309.99,429.99,high,low,10,namesilo,,,23/09/2026 16:34
24f86e29-7fa7-4e03-bb8a-98e6b411fca9,sturm.game,available,309.99,429.99,medium,low,5,namesilo,,,30/09/2026 00:15
2697e8b4-f5a8-4dba-84d7-f16fbf16a8da,tastefully.game,available,309.99,429.99,medium,low,10,namesilo,,,16/09/2026 07:59
30c5a622-0f48-4b47-a629-2157db2ff806,andes.game,available,310.98,547.98,high,low,5,namecheap,,,19/09/2026 04:04
854ed07d-9e6f-42cb-8e00-f9ba77efb9c6,vestal.game,available,309.99,429.99,medium,low,6,namesilo,,,13/09/2026 04:47
30f778df-96d4-4444-a864-d62aa54021b1,mutant.game,available,309.99,429.99,high,low,6,namesilo,,,03/09/2026 11:39
70b57d25-5cf2-4e91-a373-f8ade25142d3,aloe.game,available,309.99,429.99,high,low,4,namesilo,,,18/09/2026 12:59
e5f65678-addf-4c98-bb6b-fe729c1bac80,technically.game,available,310.98,547.98,high,low,11,namecheap,,,19/09/2026 04:54
2518d926-6180-4fa5-a887-ed5126f40f49,intoxicated.game,available,309.99,353.32,medium,low,11,dynadot,,,30/09/2026 03:42
51e268ea-26e7-406f-9ec4-bc7219f76606,dungeon.game,premium,1690,1690,high,low,7,namecheap,,,24/09/2026 23:29
7a789bee-badd-41ae-9877-06c1db49d0b1,waverly.game,available,309.99,429.99,medium,low,7,namesilo,,,29/09/2026 10:04
ea63f805-422d-4ff5-be40-85c58b4d9d88,canonical.game,available,309.99,329.99,high,low,9,namesilo,,,11/08/2026 17:23
f219c0ce-bf8b-43b0-a221-b4044ab95aea,unchecked.game,available,309.99,429.99,medium,low,9,namesilo,,,12/09/2026 04:32
8ddc5113-afa8-4b04-91c4-f52d2d157ea8,barstow.game,available,309.99,429.99,medium,low,7,namesilo,,,22/09/2026 08:54
f9423d22-886a-4441-8aaf-65805bb5b365,clive.game,available,310.98,547.98,high,low,5,namecheap,,,22/09/2026 07:05
30c27e7c-944c-49b6-a274-a5e69278feae,chalk.game,available,309.99,429.99,high,low,5,namesilo,,,28/09/2026 05:27
b7b060fc-9381-4d12-b778-167ae192ab7d,generalist.game,available,300.2,300.2,high,low,10,cloudflare,,,02/10/2026 15:27
857b96aa-0c61-4ff5-9247-92846d90f40b,poitiers.game,available,310.98,547.98,high,low,8,namecheap,,,22/09/2026 15:48
f291495c-03b2-4e86-ad4d-1456327cff2c,wilhelm.game,available,310.98,547.98,high,low,7,namecheap,,,25/09/2026 18:53
7a10aeec-9904-4e2f-ba94-457525991aa3,irksome.game,available,310.98,498,medium,low,7,namecheap,,,10/08/2026 20:01
6845ae51-ae55-418f-867c-b6c38780a689,climatic.game,available,309.99,329.99,high,low,8,namesilo,,,12/08/2026 10:57
a495a1b4-4cbf-431b-9b7d-9b91d9bfa1ff,initially.game,available,309.99,429.99,medium,low,9,namesilo,,,28/09/2026 11:32
ee8401dc-54f4-4b18-9828-58542ff9f58c,synoptic.game,available,309.99,429.99,high,low,8,namesilo,,,11/09/2026 06:33
69337025-ca07-4432-8795-4be42082570f,podlike.game,available,309.99,429.99,medium,low,7,namesilo,,,08/09/2026 22:31
366e4891-7aad-4d9d-b331-a55cba16e2a0,orbicular.game,available,309.99,329.99,medium,low,9,namesilo,,,08/08/2026 10:11
0990deca-9588-4591-9074-f9b7838d9a81,resolutions.game,available,309.99,429.99,medium,low,11,namesilo,,,02/10/2026 13:03
4ba71190-3852-4854-99f9-a4177ee1a8a4,stunning.game,available,309.99,429.99,high,low,8,namesilo,,,22/09/2026 08:34
0532bbbb-2804-4dc3-a3e7-0820a4e2e7cb,unchanging.game,available,309.99,429.99,medium,low,10,namesilo,,,12/09/2026 05:04
2b10b513-b06a-42c8-bbac-d89897a95d50,arbovirus.game,available,309.99,429.99,medium,low,9,namesilo,,,20/09/2026 00:52
5c05132a-5d15-4337-9023-1237ab291b79,arriver.game,available,309.99,429.99,medium,low,7,namesilo,,,20/09/2026 09:16
28c1a7ea-b553-4e0a-b4e0-81f3f7fd9717,gentle.game,available,309.99,329.99,high,low,6,namesilo,,,06/08/2026 19:29
9960da24-46fd-4069-be57-f78a58da2ae2,heave.game,available,309.47,340.37,medium,low,5,porkbun,,,01/10/2026 19:43
3265fa5b-3018-4f44-ba1f-6374e044e809,madame.game,available,309.99,429.99,high,low,6,namesilo,,,28/09/2026 06:18
e14d5eed-c5f5-48c5-bc2f-acad84867f1b,cultures.game,available,309.99,429.99,medium,low,8,namesilo,,,28/09/2026 23:32
f2c9b115-23a7-4424-a601-33e5c0253ef8,scarface.game,available,309.47,340.37,medium,low,8,porkbun,,,28/09/2026 19:51
128cd50a-b1c7-4095-908f-c47b04c31c2a,improver.game,available,309.99,329.99,high,low,8,namesilo,,,21/08/2026 14:58
97538ccc-0292-4456-8213-32bce656ab5d,figural.game,available,309.99,329.99,medium,low,7,namesilo,,,18/08/2026 03:51
1c893924-693c-47a9-b5b5-1ad11b225334,medusa.game,available,310.98,498,high,low,6,namecheap,,,24/08/2026 19:13
6fa2b272-bb5c-4f60-80ba-b32587619bf6,mombasa.game,available,279.65,341.75,medium,low,7,spaceship,,,01/10/2026 20:35
395592ff-cb0c-4c4a-b106-baca72a4cee4,hysteria.game,available,310.98,547.98,high,low,8,namecheap,,,24/09/2026 21:43
81332a4c-8ce7-4829-aece-a4ff1e540fee,pernambuco.game,available,309.99,429.99,high,low,10,namesilo,,,30/09/2026 10:51
5a3635a4-f632-4072-8bda-d8effe5de746,nontaxable.game,available,310.98,547.98,medium,low,10,namecheap,,,03/09/2026 20:54
739466f4-c430-4a82-aefe-b9f6b25ad555,guitars.game,available,310.98,547.98,medium,low,7,namecheap,,,01/10/2026 17:52
1865e75b-45c8-49e8-83c4-82c4f0fc3510,pier.game,available,309.99,429.99,high,low,4,namesilo,,,28/09/2026 06:35
e576844d-9f3c-422c-8561-60c2472e8814,prosperity.game,available,309.99,429.99,high,low,10,namesilo,,,29/09/2026 01:54
9b737776-71cc-4323-ba10-cbde0e8f7645,jarring.game,available,309.99,329.99,medium,low,7,namesilo,,,22/08/2026 12:26
52d16bed-509e-47c2-80be-8c4ee7d32547,prosser.game,available,279.65,341.75,high,low,7,spaceship,,,30/09/2026 12:49
f9e749b7-9f0c-4e55-a2cc-8c939e650c8c,bakery.game,available,300.2,300.2,high,low,6,cloudflare,,,01/10/2026 20:15
b367c213-cca4-436f-aa2f-d789d9f2a670,sewer.game,available,300.2,300.2,medium,low,5,cloudflare,,,28/09/2026 15:19
f40b9910-c0bd-4449-8941-ecb6395a7cc9,cdf.game,available,309.99,429.99,high,low,3,namesilo,,,02/10/2026 07:46
1e83bbae-412a-4bc0-adad-bb78753b1469,nissan.game,premium,1419.68,1419.68,high,high,6,porkbun,,,28/09/2026 06:28
c84fa744-db6e-4e98-9a4f-4f37641a3cc5,greeting.game,available,309.99,429.99,high,low,8,namesilo,,,28/09/2026 14:22
1a1489ce-1406-4c74-b10b-8ae2c2a36b87,antarctic.game,available,309.99,329.99,high,low,9,namesilo,,,
26be647b-d276-4670-bdc4-5d16c8b6cf33,latvian.game,available,310.98,498,high,low,7,namecheap,,,22/08/2026 20:47
6a19a00c-13f9-47e1-a622-ae6ebac93034,elvish.game,available,309.99,329.99,medium,low,6,namesilo,,,16/08/2026 03:43
a0fbbeed-4885-4d62-a4ad-4a0e66c679bd,tertiary.game,available,309.99,329.99,high,low,8,namesilo,,,
0da1f8ce-9cb0-4402-8501-93e2f15bee64,heartbreak.game,available,310.98,547.98,high,low,10,namecheap,,,30/09/2026 00:54
c7de597f-29e7-4225-b2da-4e1ce6574a48,instep.game,available,309.99,429.99,high,low,7,namesilo,,,16/09/2026 14:59
c0daa72e-5ce3-4c7d-b26c-64c2b85cd681,toned.game,available,309.99,429.99,medium,low,5,namesilo,,,11/09/2026 17:02
f86ec306-25ff-410c-9607-ed87e08251f8,vacant.game,available,309.99,429.99,medium,low,6,namesilo,,,13/09/2026 00:38
3c762486-636f-40a2-8038-840b5e1ffd58,shiftless.game,available,309.99,429.99,high,medium,9,namesilo,,,10/09/2026 06:28
2393bd2a-3e87-4a73-9453-19ab86cf1f5c,niall.game,available,279.65,341.75,medium,low,5,spaceship,,,01/10/2026 08:02
4f817908-cb3e-4e95-91fe-2ce4ac7919ff,erse.game,available,310.98,498,medium,low,4,namecheap,,,18/08/2026 19:28
db13d362-d9ca-41b1-b9ac-70eddc2bdc5f,rooibos.game,available,309.99,429.99,medium,low,7,namesilo,,,20/09/2026 14:38
ea9d6f8b-fc84-49dd-b832-6416235a24fb,jaguars.game,available,310.98,547.98,medium,low,7,namecheap,,,20/09/2026 09:28
bf3796c6-7a27-4a54-a374-bb6ccb916b7b,lard.game,available,309.47,340.37,medium,low,4,porkbun,,,30/09/2026 17:51
c6d27352-9d1b-47eb-9dc7-19e15dfe7202,considerably.game,available,279.65,341.75,medium,low,12,spaceship,,,29/09/2026 14:23
d08405ee-5c80-4f86-aadf-2fd6395b48f2,overpowering.game,available,300.2,300.2,high,low,12,cloudflare,,,03/10/2026 03:16
8eefece2-2dad-4029-b3a2-0031dc0cc2b6,directory.game,available,309.99,429.99,high,low,9,namesilo,,,24/09/2026 22:24
38a2a491-ccf1-4c0c-adb7-035c307280b6,jolson.game,available,309.99,429.99,medium,low,6,namesilo,,,18/09/2026 01:21
c891d384-5dbe-4515-a0f3-31faf0d272f5,dpr.game,available,309.99,353.32,high,high,3,dynadot,,,02/10/2026 08:37
da9679f3-7d38-4379-8eae-cbc4c153e0fd,lean.game,available,309.99,329.99,high,low,4,namesilo,,,22/08/2026 22:04
8d45e5a0-79ea-4727-8df6-7e1e510108d8,ravishing.game,available,309.99,429.99,high,low,9,namesilo,,,09/09/2026 10:42
05d18295-c353-4ba2-bf29-bc36173218dc,topped.game,available,310.98,547.98,medium,low,6,namecheap,,,11/09/2026 17:53
373b446c-5c2e-457f-937c-ed76d2d6dbcb,hangar.game,available,309.99,429.99,high,low,6,namesilo,,,17/09/2026 23:05
060f6df3-d5be-44ee-8222-ad813d5b6f79,saratoga.game,premium,1729,1729,high,low,8,namesilo,,,21/09/2026 04:45
c08f7ab2-d49f-44ae-b01e-2ad70dc47ef8,tommy.game,premium,1729,1729,high,medium,5,namesilo,,,25/09/2026 11:48
6e8d3d03-c99e-4a08-89b8-96cfe8e344c6,yielding.game,available,309.99,429.99,high,low,8,namesilo,,,13/09/2026 14:36
841f7c4d-ccdd-46a5-bdbc-3465d6f7a668,eyeshadow.game,available,309.99,329.99,high,low,10,namesilo,,,
760b8406-d28e-4c5a-b1ad-a4e8967cbc58,eminently.game,available,309.99,429.99,medium,low,9,namesilo,,,14/09/2026 15:19
e15be186-f15a-458b-8fa9-3e141ac48c80,acyclovir.game,available,310.98,547.98,medium,low,9,namecheap,,,17/09/2026 05:41
d03f0ff6-2e68-4b77-89ac-b21e1ecc1a83,breath.game,available,349.99,619.99,high,low,6,name.com,,,24/09/2026 10:14
c285db03-2078-430e-a40e-7a0902bb6b49,bond.game,premium,1345.7,1345.7,high,medium,4,spaceship,,,02/10/2026 10:17
c55ee995-327a-4f52-836d-0b6de30af2aa,adelaide.game,available,309.99,429.99,high,low,8,namesilo,,,17/09/2026 07:13
8f85ac0a-c052-426a-ae84-4fc9be664a7c,hodder.game,available,309.99,429.99,medium,low,6,namesilo,,,02/10/2026 07:49
4721fb23-3f59-415a-b428-63df158597c8,locks.game,available,309.99,429.99,high,low,5,namesilo,,,16/09/2026 14:31
d80e739e-c423-4eb5-8c68-194747edf2d6,balagan.game,available,309.99,429.99,medium,low,7,namesilo,,,21/09/2026 20:48
26a24bb7-eed7-4fd9-92c8-a6f41bde9c5b,arousal.game,available,310.98,547.98,high,medium,7,namecheap,,,09/09/2026 19:07
e7adb20e-72fd-44ee-a918-a11b981a6868,shining.game,available,309.99,429.99,high,low,7,namesilo,,,23/09/2026 11:49
28cfef98-f092-4272-af90-c711662a83dc,spraying.game,available,300.2,300.2,high,low,8,cloudflare,,,01/10/2026 19:08
203d97a3-3a11-4d42-9124-3b6e47b01ef1,grieving.game,available,309.99,329.99,medium,low,8,namesilo,,,09/08/2026 15:07
dd0c5695-4a12-4ade-94c1-f918965b715c,bifacial.game,available,310.98,498,medium,low,8,namecheap,,,09/08/2026 19:57
d86fcc14-7551-4605-b761-5366ef4fb77f,secondly.game,available,279.65,341.75,medium,low,8,spaceship,,,27/09/2026 19:26
a25bf2f2-880f-4801-a967-b8d5c5d9f9c8,fungoid.game,available,309.99,329.99,medium,low,7,namesilo,,,18/08/2026 18:37
723608ed-ac4f-49f5-bdc2-4cf224b8569a,rhett.game,available,279.65,341.75,high,low,5,spaceship,,,02/10/2026 00:53
9364fce2-2cdc-4a24-baee-5d416ec0baa4,stands.game,available,309.99,329.99,medium,low,6,namesilo,,,
b8b2bc79-a448-40ed-a367-13b71cfa1b14,atrocity.game,available,349.99,619.99,medium,low,8,name.com,,,21/09/2026 00:49
9de292cd-ff3f-4ce9-be2b-0b6732ffe61a,tracer.game,available,309.99,429.99,high,low,6,namesilo,,,01/10/2026 04:03
13a6f001-4a0f-4978-a039-458636571696,artillery.game,available,309.99,429.99,high,low,9,namesilo,,,20/09/2026 11:43
6f7bd31f-0b43-48e1-8a84-f4a8254705e1,pid.game,available,309.47,340.37,high,low,3,porkbun,,,02/10/2026 06:02
30c62e19-868a-43c2-97dc-1f8c182fe72f,incased.game,available,310.98,498,medium,low,7,namecheap,,,11/08/2026 20:08
f89838e2-b5d5-4ab8-9533-a13fdd9ecdb1,lviv.game,available,279.65,341.75,medium,low,4,spaceship,,,30/09/2026 21:20
c2095ec2-bb7f-4961-88c4-5eb0e091e3eb,fogey.game,available,309.99,329.99,medium,low,5,namesilo,,,18/08/2026 13:10